timestamp ,open   ,high   ,low    ,close  ,volume
2018-04-16,18.1400,18.2300,17.9700,18.0300,192160
2018-04-13,18.1800,18.2100,17.9300,18.1200,168868
2018-04-12,18.2300,18.3000,18.1500,18.1500,107264
2018-04-11,18.1600,18.3400,18.1200,18.2200,169167
2018-04-10,18.0800,18.4200,18.0400,18.2500,309472
2018-04-09,18.0400,18.2900,17.9500,17.9500,177074
2018-04-06,17.9200,18.1300,17.9150,18.0100,353524
2018-04-05,18.0100,18.0800,17.9200,18.0000,417798
2018-04-04,17.8600,18.1400,17.6901,17.9900,209025
2018-04-03,18.0000,18.1300,17.9500,18.0000,160601
2018-04-02,17.9600,18.1800,17.7600,17.9700,289883
2018-03-29,18.0600,18.1500,17.9600,17.9600,201463
2018-03-28,18.0000,18.2100,17.9600,18.0100,183533
2018-03-27,18.1000,18.1000,17.8600,18.0200,266432
2018-03-26,18.2800,18.2800,17.9400,18.0300,335817
2018-03-23,18.0000,18.5000,17.9900,17.9900,350348
2018-03-22,18.2700,18.3600,17.9150,17.9200,302329
2018-03-21,18.4700,18.4800,18.2356,18.3400,278074
2018-03-20,18.4500,18.6400,18.3650,18.4300,207292
2018-03-19,18.5200,18.5200,18.2300,18.4400,222154
2018-03-16,18.1400,18.7400,18.1400,18.5000,509349
2018-03-15,18.3900,18.3900,18.1300,18.1600,186098
2018-03-14,18.3000,18.4900,18.2400,18.3700,264593
2018-03-13,18.4600,18.4900,18.2300,18.2900,352577
2018-03-12,18.4400,18.5300,18.3000,18.3400,235752
2018-03-09,18.2100,18.5000,18.1900,18.4500,486609
2018-03-08,18.0700,18.2300,18.0600,18.1600,444327
2018-03-07,17.8200,18.0500,17.7200,18.0500,568055
2018-03-06,17.7200,18.0000,17.6300,17.9100,598895
2018-03-05,17.4200,17.9750,17.4200,17.7200,341565
2018-03-02,17.2100,17.6900,17.0850,17.5800,574706
2018-03-01,16.9200,17.3100,16.9200,17.2300,430233
2018-02-28,17.2400,17.3500,17.0600,17.1200,420634
2018-02-27,17.3000,17.4700,17.1400,17.1500,265474
2018-02-26,17.2400,17.4200,17.1400,17.3800,338426
2018-02-23,16.9500,17.2000,16.8000,17.2000,715474
2018-02-22,16.9400,17.0500,16.8300,16.8800,300539
2018-02-21,16.8300,17.0000,16.7200,16.8800,596558
2018-02-20,16.7700,17.0300,16.7700,16.8000,775883
2018-02-16,16.7400,17.0000,16.7400,16.8200,1081160
2018-02-15,17.0000,17.0000,16.5633,16.7600,1344716
2018-02-14,16.6300,17.1500,16.6000,17.0100,2349814
2018-02-13,17.4100,17.5000,16.5200,16.6300,4319187
2018-02-12,16.8000,17.2200,16.6700,17.1000,183586
2018-02-09,17.0100,17.1500,16.3700,16.7600,403010
2018-02-08,17.1200,17.2900,16.6500,16.6900,426647
2018-02-07,17.0300,17.3600,16.9200,17.1100,281438
2018-02-06,16.6000,17.3400,16.5600,16.9800,801937
2018-02-05,17.4400,17.8900,16.8500,17.0000,475390
2018-02-02,17.7700,17.8900,17.4900,17.7200,326386
2018-02-01,17.5800,17.9900,17.1500,17.7900,394307
2018-01-31,18.0300,18.1600,17.5100,17.7400,428219
2018-01-30,18.0700,18.2900,17.8400,17.9500,281008
2018-01-29,18.3000,18.4000,17.9500,18.1700,262365
2018-01-26,18.5800,18.5800,18.2900,18.3700,188863
2018-01-25,18.9300,18.9700,18.5000,18.5800,200134
2018-01-24,19.1300,19.3000,18.8100,18.8400,325860
2018-01-23,18.9100,19.0700,18.7300,19.0500,211296
2018-01-22,18.8500,18.9500,18.7000,18.9200,222720
2018-01-19,18.6000,18.8700,18.6000,18.8700,306156
2018-01-18,18.8300,18.9400,18.6400,18.6600,164016
2018-01-17,18.6700,18.8800,18.5750,18.8200,205016
2018-01-16,19.0200,19.0500,18.6400,18.6400,288132
2018-01-12,18.6800,19.0200,18.6000,18.9400,217170
2018-01-11,18.6700,18.9300,18.5500,18.6200,379208
2018-01-10,18.8600,19.1400,18.5200,18.5400,322751
2018-01-09,19.1900,19.4500,18.9000,18.9100,448629
2018-01-08,19.1200,19.1900,18.9600,19.1500,151117
2018-01-05,19.0000,19.1300,18.8800,19.1000,204338
2018-01-04,18.8800,19.2000,18.8500,18.9300,187558
2018-01-03,18.7200,18.8100,18.5600,18.7200,288274
2018-01-02,18.6100,18.6833,18.4000,18.6100,359487
2017-12-29,18.9800,18.9900,18.4800,18.5000,236094
2017-12-28,19.0000,19.0100,18.7500,18.8600,202320
2017-12-27,18.8600,19.0900,18.7300,18.8800,215516
2017-12-26,18.8300,19.1100,18.7200,18.7900,196018
2017-12-22,18.9300,19.0000,18.6900,18.8400,248579
2017-12-21,18.7400,18.9500,18.5701,18.7400,395950
2017-12-20,18.4800,18.7400,18.3500,18.7200,196526
2017-12-19,18.2900,18.6400,18.2600,18.4200,292527
2017-12-18,18.4800,18.7000,18.2200,18.4100,259698
2017-12-15,18.3200,18.4700,18.1500,18.2000,721143
2017-12-14,18.4000,18.4800,18.0000,18.1300,494842
2017-12-13,18.2800,18.4500,18.1200,18.4300,440191
2017-12-12,17.7000,18.2900,17.6700,18.2900,752983
2017-12-11,17.5000,17.7700,17.4900,17.6300,239401
2017-12-08,17.4900,17.5100,17.1700,17.3900,217834
2017-12-07,17.4000,17.6750,17.2300,17.3700,240435
2017-12-06,17.5900,17.7500,17.0310,17.4100,259565
2017-12-05,18.0400,18.0400,17.4700,17.5900,426016
2017-12-04,18.5100,18.7400,17.9350,17.9500,293064
2017-12-01,18.0600,18.4050,17.8000,18.3000,415383
2017-11-30,18.1000,18.3000,17.9000,18.0700,727843
2017-11-29,17.5600,17.9700,17.5200,17.9100,405233
2017-11-28,16.9000,17.5100,16.8700,17.3900,696584
2017-11-27,17.2800,17.3000,16.8800,16.9000,257645
2017-11-24,17.3600,17.4000,17.1000,17.2900,158008
2017-11-22,17.1400,17.4800,17.1400,17.3600,305112
2017-11-21,17.2200,17.4500,16.8700,17.2500,420102
2017-11-20,16.6100,16.8400,16.5500,16.7100,205988
2017-11-17,16.3500,16.6200,16.3500,16.5800,180261
2017-11-16,16.4800,16.6200,16.4000,16.4800,467072
2017-11-15,16.3300,16.5400,16.1800,16.4200,732676
2017-11-14,16.3900,16.6700,16.3200,16.5700,470132
2017-11-13,16.4900,16.6800,16.0400,16.4800,558106
2017-11-10,16.6600,16.8900,16.1400,16.5900,687829
2017-11-09,17.0600,17.2200,16.4500,16.6800,907753
2017-11-08,17.9900,18.0300,16.5500,17.1300,1467704
2017-11-07,18.8700,18.9800,17.8700,18.0200,728606
2017-11-06,18.7800,19.0100,18.6200,18.9200,281942
2017-11-03,19.0000,19.0000,18.6700,18.7500,399211
2017-11-02,18.7500,19.3600,18.3000,19.0400,576477
2017-11-01,19.5500,19.7200,19.1600,19.4200,686337
2017-10-31,20.6700,20.6700,19.3500,19.4700,1738215
2017-10-30,19.4300,19.8900,19.0300,19.7300,857904
2017-10-27,19.4200,19.9000,18.6800,19.6000,1058711
2017-10-26,19.0400,20.2800,19.0400,20.1700,1966366
2017-10-25,19.0500,19.2800,18.7200,19.0400,320345
2017-10-24,19.0100,19.3300,18.9600,18.9700,295737
2017-10-23,19.6200,19.6600,18.8700,18.9700,339131
2017-10-20,19.9100,20.0900,19.5900,19.6500,438450
2017-10-19,20.2400,20.2500,19.6100,19.7100,915276
2017-10-18,19.2100,20.7100,18.8500,20.1400,2284291
2017-10-17,19.2000,19.5600,19.1100,19.2800,393654
2017-10-16,19.6300,20.2000,18.1500,19.0400,1194499
2017-10-13,18.5100,19.7000,18.4400,19.6200,1219093
2017-10-12,18.5500,18.6000,18.4400,18.4800,320783
2017-10-11,18.6000,18.6700,18.4500,18.6100,244168
2017-10-10,18.7100,18.7600,18.5600,18.6100,133150
2017-10-09,18.6700,18.8500,18.5200,18.6000,248442
2017-10-06,18.3700,18.7800,18.3700,18.6300,366667
2017-10-05,18.4500,18.7100,18.3700,18.4100,216365
2017-10-04,18.8500,18.8500,18.3400,18.3600,278185
2017-10-03,18.7700,18.8800,18.5800,18.8600,351747
2017-10-02,18.5800,18.7700,18.5000,18.7700,254073
2017-09-29,18.2500,18.6300,18.1600,18.5700,273648
2017-09-28,18.4500,18.4500,17.9300,18.1600,195719
2017-09-27,18.1900,18.4400,18.0500,18.4100,418753
2017-09-26,17.8100,18.1100,17.8100,18.0300,131055
2017-09-25,17.8100,18.0500,17.7400,17.7900,200028
2017-09-22,17.6700,17.8900,17.5700,17.8300,324864
2017-09-21,17.3100,17.7800,17.0900,17.7000,261330
2017-09-20,17.2000,17.4700,17.0000,17.3200,324901
2017-09-19,17.1500,17.3900,17.1000,17.1800,228910
2017-09-18,17.4900,17.5900,17.1300,17.1300,335023
2017-09-15,17.0400,17.4100,16.9700,17.3700,596435
2017-09-14,16.8100,17.2500,16.7800,17.1000,457675
2017-09-13,16.3000,16.8600,16.3000,16.8500,243327
2017-09-12,16.3300,16.5300,16.3000,16.3300,144544
2017-09-11,16.3800,16.5700,16.2300,16.2900,247060
2017-09-08,16.0900,16.3300,16.0700,16.2300,135926
2017-09-07,16.3400,16.3800,15.9500,16.1100,262805
2017-09-06,16.6100,16.6400,16.2800,16.3100,184037
2017-09-05,17.1900,17.1900,16.4600,16.5600,293940
2017-09-01,17.2900,17.5400,17.2100,17.3000,257643
2017-08-31,16.8700,17.2800,16.8700,17.2200,299621
2017-08-30,16.8200,16.9000,16.7700,16.8300,183584
2017-08-29,16.8000,16.9800,16.7800,16.8300,241256
2017-08-28,16.9000,17.0300,16.7000,16.7500,188272
2017-08-25,16.9100,17.0300,16.6400,16.8500,219640
2017-08-24,16.8100,17.0200,16.6700,16.8800,198663
2017-08-23,16.5000,16.8500,16.5000,16.7700,130458
2017-08-22,16.6000,16.7400,16.4700,16.6200,149074
2017-08-21,16.8100,16.8300,16.4400,16.5500,179270
2017-08-18,16.6100,16.9400,16.6000,16.8100,251769
2017-08-17,17.1100,17.1900,16.7300,16.7400,220785
2017-08-16,17.1900,17.3800,17.0100,17.1100,112767
2017-08-15,17.1200,17.2400,17.0500,17.1400,90729
2017-08-14,16.9800,17.2200,16.8300,17.1000,120222
2017-08-11,16.4800,16.9100,16.3300,16.8300,321952
2017-08-10,17.6100,17.7000,16.8900,16.9600,481544
2017-08-09,18.0400,18.0400,17.4000,17.7300,281919
2017-08-08,17.6600,18.2000,17.5300,18.1000,216987
2017-08-07,17.7500,17.8000,17.5200,17.6600,170969
2017-08-04,18.3700,18.3700,17.2100,17.6700,350081
2017-08-03,18.1700,19.0000,17.8600,18.2700,377495
2017-08-02,17.8500,17.9100,17.6400,17.7300,235915
2017-08-01,17.8200,17.9500,17.7700,17.8600,140055
2017-07-31,17.8600,18.0400,17.7700,17.8300,198979
2017-07-28,18.0700,18.1500,17.7800,17.8000,210285
2017-07-27,18.1600,18.3400,18.0400,18.0900,222322
2017-07-26,18.3700,18.3700,18.0900,18.1600,123414
2017-07-25,18.3100,18.4400,18.1800,18.3700,284453
2017-07-24,18.1300,18.2100,17.9100,18.1400,157373
2017-07-21,18.1900,18.1900,17.9200,18.1400,146663
2017-07-20,18.1500,18.2300,17.8600,18.0500,144604
2017-07-19,17.8800,18.1700,17.7600,18.1200,151106
2017-07-18,17.8400,17.9800,17.7100,17.8500,158952
2017-07-17,17.9400,18.1500,17.8600,17.9200,165281
2017-07-14,17.8400,18.1100,17.7200,18.0900,152917
2017-07-13,17.8900,17.9900,17.7700,17.9000,140216
2017-07-12,18.2400,18.3000,17.8700,17.8900,173332
2017-07-11,18.1200,18.2000,17.9300,18.1500,236694
2017-07-10,17.7500,18.2000,17.7300,18.1200,333416
2017-07-07,17.7300,17.9800,17.6700,17.8400,182478
2017-07-06,17.7900,18.1000,17.5700,17.7000,304645
2017-07-05,17.8700,18.0500,17.7600,17.8700,276986
2017-07-03,17.9700,18.1600,17.8200,17.9200,153675
2017-06-30,17.9800,18.1600,17.7300,17.8900,247623
2017-06-29,18.1000,18.1800,17.7000,17.8200,266638
2017-06-28,17.8200,18.0400,17.7600,17.9400,209214
2017-06-27,17.8200,18.0000,17.7000,17.7800,278662
2017-06-26,18.0200,18.2000,17.7500,17.9200,192606
2017-06-23,17.9400,18.0500,17.7700,17.9000,706901
2017-06-22,17.5900,17.9500,17.5600,17.8300,161053
2017-06-21,17.8000,17.8400,17.5500,17.6000,159004
2017-06-20,18.2600,18.3800,17.7300,17.7700,182303
2017-06-19,18.2000,18.4500,18.0300,18.2600,219758
2017-06-16,18.0400,18.1500,17.8700,18.0300,318550
2017-06-15,17.7400,18.2500,17.7100,18.2200,290904
2017-06-14,17.9100,18.0400,17.6300,17.9500,421112
2017-06-13,17.6700,17.9600,17.6000,17.9300,227992
2017-06-12,17.4400,17.9600,17.4400,17.6500,302669
2017-06-09,16.8500,17.4500,16.7900,17.4100,376863
2017-06-08,16.6800,16.8600,16.4000,16.7200,341298
2017-06-07,16.6200,16.9100,16.6000,16.7100,140694
2017-06-06,16.6200,16.7300,16.4300,16.6400,208607
2017-06-05,16.7700,16.9600,16.6600,16.7000,175469
2017-06-02,16.7800,17.0200,16.7000,16.7800,190049
2017-06-01,16.4000,16.8200,16.3400,16.8000,212474
2017-05-31,16.5600,16.6400,16.1100,16.3200,331090
2017-05-30,16.9900,17.0400,16.5500,16.5500,217592
2017-05-26,17.0600,17.0900,16.8800,17.0000,264794
2017-05-25,17.3300,17.5000,17.0300,17.0700,264152
2017-05-24,17.3700,17.6000,17.2000,17.2800,282131
2017-05-23,17.7600,17.7800,17.1000,17.3500,454379
2017-05-22,17.5000,17.7300,17.4600,17.6500,528676
2017-05-19,16.9500,17.5500,16.8000,17.4400,385365
2017-05-18,16.6300,17.0700,16.5600,16.9100,429284
2017-05-17,17.1000,17.2400,16.7400,16.7500,404779
2017-05-16,17.4800,17.6100,17.3500,17.3600,352986
2017-05-15,17.5000,17.6200,17.3300,17.4000,222560
2017-05-12,17.5500,17.5500,17.3000,17.3700,277641
2017-05-11,17.6500,17.8800,17.5100,17.5600,605098
2017-05-10,16.9800,17.6800,16.8400,17.6600,546419
2017-05-09,16.4000,17.0800,16.3600,16.9900,533449
2017-05-08,16.5100,16.8000,16.3500,16.4000,371112
2017-05-05,16.6200,16.7900,16.3900,16.5200,567266
2017-05-04,16.0600,16.7800,15.6600,16.7000,615512
2017-05-03,16.1600,16.2200,16.0400,16.2000,400101
2017-05-02,16.2300,16.3900,16.0700,16.2100,292687
2017-05-01,16.1100,16.3900,16.0400,16.2600,281051
2017-04-28,16.1100,16.2400,15.9800,16.1100,356063
2017-04-27,16.2300,16.3100,15.9400,16.0600,457890
2017-04-26,16.2400,16.5000,16.1500,16.1700,667919
2017-04-25,16.5800,16.7400,16.1500,16.2500,910212
2017-04-24,16.8200,16.8200,16.3000,16.4900,575196
2017-04-21,16.8700,16.9100,16.4200,16.4300,790388
2017-04-20,16.5800,17.0500,16.1900,16.8700,1469092
2017-04-19,16.5100,16.6700,16.4100,16.4800,451485
2017-04-18,16.2500,16.5200,16.1800,16.4800,219630
2017-04-17,16.1300,16.3700,16.0700,16.3000,341775
2017-04-13,16.4500,16.5700,16.0700,16.0900,407197
2017-04-12,16.4400,16.6700,16.2700,16.4000,396415
2017-04-11,16.1800,16.5700,16.0300,16.4600,422376
2017-04-10,15.8600,16.1800,15.8100,16.1800,334774
2017-04-07,15.7400,15.8900,15.6000,15.8500,452920
2017-04-06,15.5300,15.8500,15.4200,15.8200,353600
2017-04-05,15.7200,15.8700,15.3800,15.5300,543572
2017-04-04,15.9500,16.0800,15.5100,15.7800,758343
2017-04-03,15.7700,15.9700,15.6900,15.8400,334370
2017-03-31,16.0600,16.0600,15.7400,15.7600,455528
2017-03-30,16.2800,16.3700,16.0900,16.0900,459219
2017-03-29,15.8200,16.1200,15.6200,16.0400,450840
2017-03-28,15.4800,16.1500,15.3200,15.9300,991666
2017-03-27,14.7500,15.1000,14.6700,15.0500,547074
2017-03-24,15.0300,15.1500,14.8900,14.9500,744071
2017-03-23,15.4300,15.5000,15.0400,15.0400,1101219
2017-03-22,15.5500,15.8600,15.4600,15.5600,506237
2017-03-21,16.4100,16.5500,15.7400,15.7400,355507
2017-03-20,16.2200,16.3800,16.1100,16.3500,313131
2017-03-17,16.4500,16.5000,16.0700,16.2200,509444
2017-03-16,16.5400,16.7100,16.3800,16.4200,217603
2017-03-15,16.6200,16.7200,16.1200,16.5000,663755
2017-03-14,16.5000,16.6600,16.3700,16.5300,327392
2017-03-13,16.7200,16.8200,16.5000,16.6100,321047
2017-03-10,17.0200,17.0800,16.6300,16.7400,275511
2017-03-09,16.6700,17.1000,16.6700,16.8400,509191
2017-03-08,17.0700,17.1500,16.3100,16.6100,1461563
2017-03-07,18.0900,18.2700,17.9200,17.9400,248119
2017-03-06,18.1400,18.2600,17.8100,18.2100,339737
2017-03-03,18.2300,18.3700,18.1000,18.1300,429084
2017-03-02,18.5800,18.5800,18.2100,18.2600,299027
2017-03-01,18.5600,18.7100,18.4700,18.5600,441063
2017-02-28,18.3900,18.4600,18.1100,18.1600,396014
2017-02-27,18.1300,18.5100,18.0400,18.4700,518755
2017-02-24,17.8700,18.3000,17.6000,18.2300,491731
2017-02-23,17.9700,18.1000,17.4000,18.0500,1345723
2017-02-22,18.5900,19.0500,18.0800,18.7900,705383
2017-02-21,18.6100,18.8000,18.2400,18.5200,525529
2017-02-17,18.6000,18.6800,18.3000,18.6400,261447
2017-02-16,19.1100,19.3700,18.3300,18.6000,532654
2017-02-15,19.3800,19.6100,18.9900,19.0500,605094
2017-02-14,19.5900,19.6200,19.3500,19.3700,272433
2017-02-13,19.5400,19.8300,19.4800,19.5400,275467
2017-02-10,19.2100,19.5500,19.0500,19.4700,285970
2017-02-09,18.8200,19.1900,18.8200,19.0600,408854
2017-02-08,18.6900,18.9100,18.3100,18.7900,501569
2017-02-07,18.7600,18.9100,18.4700,18.5400,165728
2017-02-06,18.7400,18.8700,18.3900,18.7300,213486
2017-02-03,18.0600,18.7300,18.0600,18.7200,372445
2017-02-02,17.7300,17.9100,17.6000,17.8700,311438
2017-02-01,18.1400,18.4400,17.7700,17.8100,286892
2017-01-31,18.2800,18.3000,17.8600,18.1400,498252
2017-01-30,17.5800,18.3800,17.4010,18.2800,478981
2017-01-27,17.9900,18.0300,17.7400,17.7500,294934
2017-01-26,17.9000,18.1800,17.8600,18.0500,211448
2017-01-25,17.7500,17.9900,17.6800,17.8700,304279
2017-01-24,17.4100,17.7100,17.3200,17.5900,209025
2017-01-23,16.9800,17.3600,16.9800,17.3000,267379
2017-01-20,16.8600,17.1800,16.8600,17.0700,375247
2017-01-19,17.2600,17.3550,16.7800,16.8800,558677
2017-01-18,17.4600,17.5700,16.9100,17.1600,807905
2017-01-17,17.7400,17.8600,17.3784,17.4000,325318
2017-01-13,18.4400,18.9100,17.7000,17.7600,408080
2017-01-12,18.7100,19.0000,18.0101,18.4100,817262
2017-01-11,19.3800,19.6900,19.1700,19.4400,580764
2017-01-10,18.8000,19.0400,18.4100,19.0300,528222
2017-01-09,18.8900,19.0000,18.6800,18.7500,387890
2017-01-06,18.8600,18.9700,18.5600,18.9500,438817
2017-01-05,18.6800,18.7300,18.4500,18.7200,379702
2017-01-04,18.2000,18.7681,18.1500,18.6300,476238
2017-01-03,18.1700,18.3500,18.0600,18.2000,311666
2016-12-30,18.2100,18.2700,17.9900,18.0600,379669
2016-12-29,18.1700,18.2400,18.0700,18.1600,301068
2016-12-28,18.0000,18.2900,17.9800,18.1300,471533
2016-12-27,18.1300,18.2900,17.8300,18.1200,511772
2016-12-23,18.0200,18.2600,17.9000,18.0700,371639
2016-12-22,18.5300,18.7300,17.8800,17.9500,665609
2016-12-21,18.3800,18.9500,18.1100,18.6200,935670
2016-12-20,18.1700,18.5000,18.0801,18.4800,373103
2016-12-19,18.1900,18.3100,17.9200,18.1400,320344
2016-12-16,18.2600,18.3700,18.1300,18.1800,815032
2016-12-15,18.3400,18.5400,18.1100,18.1600,230435
2016-12-14,18.3900,18.5800,18.1700,18.2600,406872
2016-12-13,18.8500,19.0000,18.5300,18.5700,284813
2016-12-12,18.8600,19.0300,18.5300,18.7700,318387
2016-12-09,19.4500,19.5100,18.8400,18.9000,443935
2016-12-08,19.0900,19.4350,18.9300,19.4200,929447
2016-12-07,18.7200,19.1800,18.6400,19.0000,391556
2016-12-06,17.9000,18.7700,17.9000,18.7000,443289
2016-12-05,17.8600,18.2099,17.7775,17.8800,658768
2016-12-02,17.2700,17.7000,17.1200,17.6300,610533
2016-12-01,17.0600,17.3800,16.9600,17.2400,722103
2016-11-30,17.0000,17.2000,16.8700,16.9800,438462
2016-11-29,16.7700,17.0000,16.7600,16.8200,378616
2016-11-28,16.9400,17.2600,16.7300,16.8000,412948
2016-11-25,16.9700,17.0700,16.8000,16.9900,169963
2016-11-23,16.8000,16.9630,16.7300,16.9400,334890
2016-11-22,16.8000,17.0000,16.7700,16.8500,275285
2016-11-21,16.6100,16.8500,16.6000,16.8000,496208
2016-11-18,16.5600,16.6000,15.9500,16.5100,688362
2016-11-17,16.6900,16.8700,16.5000,16.5800,468980
2016-11-16,16.6400,16.7700,16.5000,16.6500,370484
2016-11-15,16.4600,16.7950,16.1200,16.7500,380192
2016-11-14,16.9400,17.2800,16.4100,16.5300,578868
2016-11-11,16.8500,17.0900,16.7200,16.7800,654389
2016-11-10,16.8800,17.1600,16.5800,16.9300,592979
2016-11-09,15.9900,16.7300,15.9800,16.5900,781046
2016-11-08,15.7100,16.1300,15.5000,15.9200,458401
2016-11-07,15.8400,16.1300,15.6500,15.8200,505905
2016-11-04,15.3500,15.8750,15.2800,15.4300,433300
2016-11-03,15.1600,15.4700,15.0900,15.3500,529554
2016-11-02,15.3000,15.9300,14.7000,15.0500,852268
2016-11-01,15.1500,15.1900,14.4800,14.7200,536774
2016-10-31,15.2000,15.3300,15.0600,15.1100,514412
2016-10-28,15.2900,15.3000,14.8900,15.1400,364767
2016-10-27,15.5000,15.5000,15.0900,15.3300,356724
2016-10-26,15.6100,15.6500,15.3100,15.4600,472991
2016-10-25,14.8700,15.0400,14.6700,14.8300,170188
2016-10-24,14.9000,15.0300,14.8100,14.8800,172761
2016-10-21,14.8500,15.1800,14.7600,14.7900,177000
2016-10-20,14.8700,15.0600,14.7800,15.0100,193956
2016-10-19,14.7900,14.9800,14.7600,14.8800,194984
2016-10-18,14.6400,14.9300,14.4500,14.7400,276190
2016-10-17,14.4900,14.5800,14.2400,14.4500,213747
2016-10-14,14.6800,14.7900,14.3700,14.4600,222912
2016-10-13,14.2500,14.5200,14.0500,14.4200,306598
2016-10-12,14.5100,14.5900,14.3800,14.4300,162684
2016-10-11,14.7200,14.7399,14.3400,14.4900,207449
2016-10-10,14.6500,14.7700,14.5100,14.6000,183750
2016-10-07,14.6500,14.6700,14.3200,14.4700,276425
2016-10-06,14.6900,14.7700,14.5100,14.6200,327985
2016-10-05,14.6600,14.9900,14.6100,14.7200,523296
2016-10-04,14.8300,14.8900,14.4800,14.5500,339658
2016-10-03,14.6700,14.8750,14.5300,14.7600,303888
2016-09-30,14.4700,14.9600,14.3900,14.8100,541753
2016-09-29,14.5200,14.7400,14.0600,14.3300,483420
2016-09-28,14.6400,14.7900,14.3600,14.6300,319281
2016-09-27,14.5200,14.6235,14.3500,14.5800,534472
2016-09-26,15.0500,15.0500,14.4600,14.5100,683196
2016-09-23,15.4300,15.5500,14.9800,15.0900,357930
2016-09-22,15.8000,15.8507,15.3400,15.4300,362070
2016-09-21,15.7100,15.8000,15.5600,15.5700,541529
2016-09-20,15.8900,15.9900,15.5100,15.5900,349803
2016-09-19,15.7900,15.9900,15.5900,15.8000,272278
2016-09-16,15.4800,15.8400,15.4800,15.7000,781121
2016-09-15,15.3600,15.7100,15.3450,15.5800,596378
2016-09-14,15.2400,15.5300,15.1200,15.3300,214948
2016-09-13,15.5100,15.5100,15.1100,15.2800,360597
2016-09-12,15.4100,15.6900,15.2000,15.6600,375207
2016-09-09,16.6000,16.6000,15.5100,15.5600,406600
2016-09-08,16.1000,16.2200,15.9401,16.1300,197437
2016-09-07,16.0300,16.1500,15.9200,16.1000,199289
2016-09-06,16.3000,16.3900,15.9500,16.0700,224643
2016-09-02,16.1500,16.3000,16.1000,16.1800,333093
2016-09-01,15.9700,16.1200,15.6300,16.0700,456381
2016-08-31,15.7800,15.9700,15.5900,15.8800,496973
2016-08-30,15.6300,15.9250,15.6300,15.7700,325008
2016-08-29,15.7200,15.8700,15.6100,15.6300,327031
2016-08-26,15.8000,15.8000,15.3400,15.6200,396113
2016-08-25,15.6000,15.8300,15.5100,15.6000,373053
2016-08-24,16.0800,16.2510,15.6400,15.6600,451510
2016-08-23,15.9800,16.2400,15.9700,16.1000,323124
2016-08-22,15.8300,15.9600,15.6700,15.8500,258667
2016-08-19,15.8800,15.9000,15.6300,15.9000,291122
2016-08-18,15.9600,16.0800,15.7000,15.9500,379867
2016-08-17,15.8400,15.9600,15.6300,15.8700,398026
2016-08-16,15.3900,16.0300,15.3200,15.9500,960920
2016-08-15,15.3200,15.5600,15.2600,15.5200,577364
2016-08-12,15.2300,15.3400,15.0500,15.1800,642207
2016-08-11,15.4400,15.4900,15.2150,15.2600,752997
2016-08-10,15.4700,15.5550,15.2900,15.3600,601892
2016-08-09,15.6000,15.6900,15.1800,15.4900,658620
2016-08-08,15.3200,15.8200,15.3200,15.6500,1026988
2016-08-05,15.1500,15.7600,15.1350,15.3200,1015335
2016-08-04,14.2900,15.0800,14.0200,14.9300,1390678
2016-08-03,12.8100,14.0600,12.6100,14.0100,1967604
2016-08-02,12.5100,12.6500,11.7600,11.7900,632179
2016-08-01,12.5100,12.6300,12.3450,12.4900,604122
2016-07-29,12.3700,12.7300,12.3300,12.6300,1224972
2016-07-28,12.1500,12.4700,11.9300,12.4400,534866
2016-07-27,12.2000,12.3100,11.9700,12.1400,439669
2016-07-26,12.0400,12.2700,12.0400,12.1900,255845
2016-07-25,11.9500,12.1100,11.9250,12.0600,266608
2016-07-22,12.0100,12.1500,11.8700,12.0600,210703
2016-07-21,12.1000,12.2900,11.9900,12.0000,292324
2016-07-20,12.1100,12.2900,11.9100,12.1200,364448
2016-07-19,12.1000,12.4100,12.0200,12.1000,444022
2016-07-18,11.7900,12.1600,11.7900,12.1200,671964
2016-07-15,11.8800,11.9400,11.7000,11.8200,246918
2016-07-14,11.9300,12.0500,11.7500,11.8000,282857
2016-07-13,11.9300,12.0500,11.5700,11.7900,314454
2016-07-12,11.6700,11.9700,11.6700,11.9000,599766
2016-07-11,11.4100,11.5604,11.4100,11.5100,378435
2016-07-08,11.2500,11.4400,11.1800,11.3800,1059403
2016-07-07,10.7800,11.1400,10.7300,11.0700,551429
2016-07-06,10.5000,11.0250,10.3500,10.7800,959808
2016-07-05,11.2400,11.2400,10.1900,10.7200,1176705
2016-07-01,11.2800,11.5400,11.0800,11.3400,744203
2016-06-30,11.3000,11.3200,11.0700,11.2600,687093
2016-06-29,11.1200,11.3200,10.9500,11.2200,556257
2016-06-28,10.7700,11.0000,10.6000,10.8800,698482
2016-06-27,11.0800,11.1800,10.4100,10.5400,1178338
2016-06-24,11.3100,11.4800,10.6900,11.3700,1849437
2016-06-23,11.5700,11.8700,11.5500,11.8700,297819
2016-06-22,11.5100,11.7000,11.3100,11.3700,559205
2016-06-21,11.4800,11.5700,11.1700,11.4500,498468
2016-06-20,11.6700,11.9100,11.4800,11.4900,466076
2016-06-17,11.4300,11.8700,11.3300,11.4500,917402
2016-06-16,11.3400,11.4300,10.8100,11.3600,644431
2016-06-15,11.2000,11.7100,11.0700,11.4200,726743
2016-06-14,11.5100,11.5300,10.9500,11.0100,894129
2016-06-13,11.9100,11.9900,11.5050,11.5300,456439
2016-06-10,12.4100,12.4289,12.0020,12.0200,549425
2016-06-09,13.2400,13.2750,12.4800,12.6200,590264
2016-06-08,13.3700,13.3902,13.2100,13.3500,680467
2016-06-07,13.2000,13.4600,12.9400,13.3100,422217
2016-06-06,13.0000,13.2700,12.9700,13.1500,456868
2016-06-03,12.9900,13.1250,12.6100,13.0000,473557
2016-06-02,12.6700,13.0700,12.6600,13.0300,469196
2016-06-01,12.6600,12.8200,12.4000,12.7600,694205
2016-05-31,12.8900,13.0700,12.6400,12.7600,738635
2016-05-27,12.9300,13.2900,12.7500,12.8900,619966
2016-05-26,12.8800,13.0300,12.6600,12.9100,390273
2016-05-25,12.5100,12.8600,12.5050,12.8400,511676
2016-05-24,12.3800,12.7700,12.2700,12.5000,843734
2016-05-23,12.0700,12.4200,11.9600,12.2600,329793
2016-05-20,11.9800,12.1900,11.8300,12.0700,419446
2016-05-19,12.2800,12.6200,11.7000,11.8900,734814
2016-05-18,11.7100,12.3900,11.7100,12.3700,722872
2016-05-17,11.7400,12.1200,11.6600,11.8000,409739
2016-05-16,11.6100,11.9900,11.6100,11.7900,479975
2016-05-13,11.4500,11.7021,11.4500,11.5100,598663
2016-05-12,11.5300,11.7000,11.3600,11.4900,604236
2016-05-11,11.8700,11.8700,11.4700,11.4700,440310
2016-05-10,11.9600,12.0400,11.6900,11.8900,561860
2016-05-09,11.6200,11.8900,11.4900,11.8500,552806
2016-05-06,11.3900,11.8600,11.3900,11.6900,712374
2016-05-05,11.4300,11.7200,11.0700,11.4500,951238
2016-05-04,10.6500,12.0700,10.4400,11.5600,1355779
2016-05-03,11.3500,11.5500,10.9050,11.0000,1562987
2016-05-02,11.6100,11.7400,11.2400,11.5300,488046
2016-04-29,11.7600,11.9050,11.4500,11.5900,1178354
2016-04-28,12.0900,12.2000,11.7900,11.8000,629719
2016-04-27,11.9500,12.2100,11.8900,12.1600,589338
2016-04-26,11.9300,12.0100,11.6800,11.9300,685897
2016-04-25,11.7500,11.9100,11.6000,11.8600,567419
2016-04-22,11.6300,11.9350,11.5600,11.7800,454727
2016-04-21,11.6900,11.8500,11.5100,11.6000,543244
2016-04-20,11.3100,11.7100,11.3100,11.6700,625108
2016-04-19,11.1200,11.3900,11.1200,11.3500,1069137
2016-04-18,10.6400,11.1600,10.5600,11.0300,738487
2016-04-15,10.9200,11.2250,10.9200,11.0100,658124
2016-04-14,11.0700,11.1800,10.9500,10.9600,810154
2016-04-13,10.3100,11.1950,10.3100,11.0600,1274496
2016-04-12,10.2900,10.4200,10.1200,10.2500,1109945
2016-04-11,10.3600,10.5600,10.1700,10.2800,838661
2016-04-08,10.0800,10.6200,10.0600,10.2600,1286276
2016-04-07,9.7700 ,10.1100,9.7700 ,10.0500,1285596
2016-04-06,9.5600 ,10.0200,9.5600 ,9.8500 ,859419
2016-04-05,9.5700 ,9.6350 ,9.2900 ,9.5500 ,687911
2016-04-04,9.8000 ,10.0300,9.6215 ,9.6700 ,455164
2016-04-01,9.7800 ,10.0000,9.5800 ,9.7900 ,538329
2016-03-31,9.8200 ,9.9900 ,9.6200 ,9.9000 ,605875
2016-03-30,9.9800 ,10.1800,9.7900 ,9.8600 ,760653
2016-03-29,9.6900 ,9.9800 ,9.3500 ,9.9300 ,1367932
2016-03-28,9.7800 ,9.9300 ,9.4700 ,9.7500 ,1003200
2016-03-24,9.8700 ,9.8700 ,9.4600 ,9.7700 ,1492043
2016-03-23,10.4400,10.4400,9.9700 ,9.9900 ,906870
2016-03-22,10.7000,10.7600,10.2800,10.4900,1077618
2016-03-21,10.9900,11.2500,10.6750,10.7700,1055736
2016-03-18,11.3200,11.5100,10.8300,11.1300,1552195
2016-03-17,11.1600,11.2600,10.9300,11.1000,948843
2016-03-16,11.0400,11.4300,11.0400,11.1800,889651
2016-03-15,12.0300,12.2500,10.8300,11.2700,1376099
2016-03-14,12.7100,13.0500,11.8300,11.8700,934464
2016-03-11,12.2400,12.7200,12.2400,12.7100,468475
2016-03-10,12.3700,12.5000,11.8700,12.1600,857097
2016-03-09,12.2100,12.4100,11.7700,12.2500,1192423
2016-03-08,12.7200,12.9300,12.0900,12.1600,1054951
2016-03-07,12.6200,13.0450,12.4900,12.9200,1709061
2016-03-04,11.8800,12.6800,11.8100,12.6700,1292655
2016-03-03,11.4200,11.8400,11.4000,11.8400,1134166
2016-03-02,11.4500,11.4900,10.9300,11.4500,1017119
2016-03-01,11.9000,12.1600,10.6500,11.0500,1693740
2016-02-29,11.6400,12.1600,11.5200,11.8200,1906070
2016-02-26,10.8100,11.8700,10.8100,11.6500,1589681
2016-02-25,10.3300,11.5000,10.0600,10.8900,2259676
2016-02-24,9.4400 ,9.5700 ,9.2000 ,9.5000 ,1994676
2016-02-23,9.6700 ,9.9300 ,9.5200 ,9.5400 ,773569
2016-02-22,9.4300 ,9.7800 ,9.4300 ,9.7600 ,867676
2016-02-19,9.5300 ,9.6700 ,9.1200 ,9.3600 ,880306
2016-02-18,9.4300 ,9.6500 ,9.0500 ,9.5900 ,1144746
2016-02-17,9.5500 ,9.8100 ,9.4100 ,9.4500 ,1123367
2016-02-16,9.1400 ,9.5000 ,8.9500 ,9.4400 ,1157769
2016-02-12,8.6700 ,9.0800 ,8.6700 ,9.0500 ,1070803
2016-02-11,8.6100 ,8.9200 ,8.4000 ,8.6100 ,1462565
2016-02-10,8.8000 ,8.8000 ,8.2900 ,8.6100 ,1125634
2016-02-09,8.8200 ,8.9000 ,8.5200 ,8.6100 ,1046998
2016-02-08,9.0400 ,9.0500 ,8.5900 ,8.9900 ,1242601
2016-02-05,9.6000 ,9.7100 ,9.1400 ,9.1900 ,858530
2016-02-04,9.5000 ,10.0300,9.4700 ,9.6700 ,1368955
2016-02-03,9.3800 ,9.5300 ,8.7399 ,9.4400 ,1862087
2016-02-02,9.8300 ,10.1150,9.3000 ,9.3000 ,2003630
2016-02-01,10.0500,10.1800,9.6700 ,10.0600,1342450
2016-01-29,9.7700 ,10.1400,9.5100 ,10.1000,945034
2016-01-28,10.1200,10.2900,9.7200 ,9.7400 ,711752
2016-01-27,9.8900 ,10.2300,9.6000 ,9.9400 ,895852
2016-01-26,9.8800 ,10.0700,9.6600 ,9.9200 ,893651
2016-01-25,10.6100,10.6600,9.7600 ,9.7900 ,1718165
2016-01-22,10.6100,10.8700,10.4000,10.6500,1307349
2016-01-21,10.0600,10.9800,9.9700 ,10.4100,1171541
2016-01-20,10.0000,10.1900,9.2100 ,10.1100,1661559
2016-01-19,11.2500,11.4400,10.2100,10.2500,1730958
2016-01-15,10.8800,11.1900,10.7200,11.1700,1551777
2016-01-14,11.2100,11.3700,10.7950,11.3100,1386607
2016-01-13,11.8500,12.0400,11.0000,11.1200,1652231
2016-01-12,11.9600,12.1100,11.4800,11.7200,1596497
2016-01-11,11.9400,11.9700,11.6000,11.8700,797629
2016-01-08,12.2200,12.3300,11.8000,11.8900,1209787
2016-01-07,12.8000,12.8600,12.1100,12.1100,1288307
2016-01-06,13.0500,13.2000,12.8400,13.0400,741126
2016-01-05,13.0900,13.4000,12.8600,13.1500,617789
2016-01-04,13.2100,13.4050,12.8400,13.1300,1180780
2015-12-31,13.0800,13.5200,13.0800,13.3700,703806
2015-12-30,13.1800,13.3400,13.1090,13.1200,542499
2015-12-29,13.2000,13.2600,12.9900,13.1900,613208
2015-12-28,13.3500,13.4500,12.8900,13.0500,762397
2015-12-24,13.5600,13.8500,13.3400,13.3600,833151
2015-12-23,13.3500,13.9200,12.9800,13.6300,1358179
2015-12-22,12.8300,13.4850,12.7700,13.2600,1427834
2015-12-21,12.4600,13.0500,12.4000,12.7900,1101232
2015-12-18,12.4200,12.7500,12.3400,12.3900,1628673
2015-12-17,12.6900,12.8600,11.7100,12.4800,2387791
2015-12-16,11.1400,11.8900,10.9600,11.8800,956489
2015-12-15,11.1500,11.6000,11.1400,11.4200,743676
2015-12-14,11.4900,11.6300,10.8000,11.2200,1352865
2015-12-11,11.9000,11.9500,11.4000,11.4900,978490
2015-12-10,11.9500,12.3200,11.7900,12.0500,519158
2015-12-09,11.6300,12.2850,11.6000,11.9600,1203272
2015-12-08,11.8900,11.9200,11.5500,11.6400,919114
2015-12-07,12.3700,12.3700,11.8300,12.0300,1015384
2015-12-04,12.3700,12.5500,12.1200,12.4000,918965
2015-12-03,12.8900,12.9600,12.3600,12.3700,1014789
2015-12-02,13.6200,13.6800,12.6500,12.8000,919437
2015-12-01,13.6500,13.8800,12.9050,13.6000,1529455
2015-11-30,13.5100,13.9600,13.4900,13.6200,652590
2015-11-27,13.4000,13.8500,13.1700,13.4800,534258
2015-11-25,13.0600,13.6800,12.8500,13.5600,603537
2015-11-24,12.9800,13.2200,12.8200,13.0700,718973
2015-11-23,13.0700,13.3000,12.7800,12.9600,853247
2015-11-20,13.3900,13.5980,13.0800,13.1000,651716
2015-11-19,13.2900,13.5800,13.1600,13.3300,878173
2015-11-18,13.2300,13.4600,13.0200,13.2500,1467266
2015-11-17,13.5200,13.6000,13.0400,13.2000,1379221
2015-11-16,12.6600,13.6400,12.5500,13.4400,1303426
2015-11-13,13.2800,13.3800,12.6400,12.6700,1134282
2015-11-12,13.6400,13.6600,12.9750,13.3100,1307328
2015-11-11,14.2000,14.2000,13.6000,13.7800,647146
2015-11-10,14.2900,14.5164,13.8300,14.1200,967340
2015-11-09,14.5800,15.6500,14.1200,14.2900,1126921
2015-11-06,12.8100,15.7800,12.7400,14.5800,5635036
2015-11-05,12.8000,13.0200,12.3200,12.5700,1138192
2015-11-04,13.4000,13.7300,12.6500,12.8000,3238000
2015-11-03,13.5000,14.0500,12.7400,13.8400,2061181
2015-11-02,13.2700,13.8600,13.1600,13.8100,1412267
2015-10-30,13.7500,13.7600,13.1700,13.2700,699715
2015-10-29,13.8600,13.9600,13.5200,13.7100,634534
2015-10-28,13.4000,14.1800,13.3500,13.9900,830878
2015-10-27,13.3800,13.5250,12.9000,13.4100,757480
2015-10-26,13.4200,13.5800,13.1300,13.4300,567549
2015-10-23,13.4400,13.6760,13.2800,13.4300,592504
2015-10-22,13.7200,13.9100,13.1200,13.3700,566563
2015-10-21,13.6900,13.9200,13.1900,13.5700,1027403
2015-10-20,14.1600,14.4700,13.5600,13.6800,1079080
2015-10-19,14.2400,14.3100,13.8600,14.1600,953984
2015-10-16,14.3800,14.4000,13.9750,14.2900,626988
2015-10-15,13.8900,14.4200,13.6000,14.3500,855761
2015-10-14,13.9400,13.9900,13.6900,13.7700,856169
2015-10-13,14.6500,14.8500,13.7950,13.8500,1376222
2015-10-12,15.0300,15.1093,14.5900,14.7500,556672
2015-10-09,15.0300,15.3800,14.7350,14.9600,1293459
2015-10-08,14.2600,15.0600,14.1700,14.9100,1315471
2015-10-07,14.1600,14.5500,14.1300,14.2200,1558124
2015-10-06,14.2400,14.5000,14.0700,14.2300,905117
2015-10-05,13.6700,14.3800,13.4300,14.2000,1361253
2015-10-02,13.5000,13.9400,12.9200,13.6100,1509181
2015-10-01,13.9900,14.1180,13.4600,13.6000,851327
2015-09-30,14.1700,14.1700,13.6700,13.8700,1001408
2015-09-29,13.9800,14.1900,13.6400,14.0200,1305599
2015-09-28,14.4600,14.7000,13.8100,13.9600,1630627
2015-09-25,15.0500,15.1800,14.4500,14.5700,2592960
2015-09-24,14.7800,14.9300,14.4880,14.8900,632963
2015-09-23,14.9500,14.9900,14.7600,14.8700,778745
2015-09-22,15.1100,15.1200,14.7600,14.9700,683234
2015-09-21,15.8300,15.9100,15.1000,15.3200,813285
2015-09-18,15.8800,15.9700,15.6100,15.7300,621605
2015-09-17,16.2300,16.4400,15.8600,16.1300,711693
2015-09-16,16.3100,16.4790,16.2200,16.2800,470426
2015-09-15,16.4000,16.4700,16.0500,16.2800,534452
2015-09-14,16.1000,16.4100,15.8700,16.3900,445993
2015-09-11,15.9300,16.0800,15.6150,16.0600,548615
2015-09-10,15.9800,16.0400,15.6300,15.9600,728121
2015-09-09,16.3400,16.5000,15.9000,15.9800,1298523
2015-09-08,16.0800,16.3000,15.7000,16.1700,840388
2015-09-04,15.9800,16.0800,15.4500,15.8100,620752
2015-09-03,16.3500,16.6100,15.8900,16.2400,934220
2015-09-02,15.9200,16.2500,15.8000,16.2500,1153201
2015-09-01,16.3300,16.5300,15.5900,15.7300,1123276
2015-08-31,16.6000,16.9000,16.4900,16.7200,420418
2015-08-28,16.6500,16.8700,16.4700,16.6800,414865
2015-08-27,16.0700,16.8900,15.9500,16.7700,1235153
2015-08-26,15.8700,15.9700,15.5400,15.9200,779220
2015-08-25,16.3000,16.3000,15.5300,15.5500,885843
2015-08-24,15.8900,16.7200,15.1200,15.8500,1233763
2015-08-21,16.6200,17.0300,16.4000,16.6100,754289
2015-08-20,16.9500,17.0800,16.6400,16.9000,875677
2015-08-19,17.2500,17.3200,16.7000,17.1100,585633
2015-08-18,17.6100,17.6500,17.0800,17.2500,503309
2015-08-17,17.3100,17.7800,17.1300,17.5900,572726
2015-08-14,17.8600,17.9750,17.2000,17.4000,773621
2015-08-13,18.1200,18.2600,17.8175,17.9100,543323
2015-08-12,18.0600,18.1400,17.5400,18.1000,1077869
2015-08-11,18.0000,18.2300,17.9000,18.0500,813443
2015-08-10,17.4600,18.1700,17.3500,18.0900,913317
2015-08-07,17.6700,17.8000,17.0550,17.3400,995436
2015-08-06,18.5100,18.5500,17.2400,17.7100,1755719
2015-08-05,18.9900,19.2000,18.5400,18.6300,1140604
2015-08-04,19.3100,19.6300,18.8300,19.0100,1237223
2015-08-03,18.5400,19.3800,18.4800,19.3400,1240832
2015-07-31,19.4400,19.7400,18.4500,18.5500,2316512
2015-07-30,18.2400,19.0100,17.7300,18.9400,1955770
2015-07-29,17.8900,18.4500,17.5900,18.2300,1945008
2015-07-28,18.0000,18.0000,17.4100,17.9000,1291844
2015-07-27,17.7500,18.2800,17.6900,17.8900,1117757
2015-07-24,18.3800,18.3800,17.8300,17.9200,1112447
2015-07-23,18.0300,18.4200,17.8400,18.3500,1358444
2015-07-22,17.5300,18.1668,17.5002,18.0200,1311569
2015-07-21,17.5900,17.9400,17.4100,17.5900,1312513
2015-07-20,17.2200,17.8400,17.1400,17.7500,2349972
2015-07-17,16.3600,17.4400,16.3500,17.2100,1726721
2015-07-16,16.3300,16.6500,16.1400,16.3200,1232645
2015-07-15,16.7100,16.8600,16.1600,16.3600,1315547
2015-07-14,16.9300,17.0300,16.6700,16.7900,1268774
2015-07-13,16.9400,17.1000,16.7200,16.9100,1121581
2015-07-10,17.0500,17.3100,16.8200,16.9400,790884
2015-07-09,17.0000,17.2400,16.8800,16.9500,1293363
2015-07-08,17.5200,17.9000,16.7600,16.8600,1457863
2015-07-07,17.4200,17.6600,16.9400,17.6300,2898730
2015-07-06,17.1800,17.5800,16.9500,17.4700,2721057
2015-07-02,16.7900,17.4500,16.7900,17.3800,3794608
2015-07-01,16.8800,17.0900,16.6600,16.8000,1662299
2015-06-30,16.5900,16.9800,16.2400,16.8000,4738365
2015-06-29,16.8800,16.9000,16.3400,16.4500,2903679
2015-06-26,17.4300,17.4300,16.4600,17.1400,6753754
2015-06-25,18.2100,18.2500,17.3600,17.4000,2629641
2015-06-24,18.4300,18.6100,18.2000,18.2000,1525337
2015-06-23,18.5400,18.9000,18.4500,18.4800,2134652
2015-06-22,18.4400,18.8500,18.4200,18.5800,979062
2015-06-19,18.7100,18.7700,18.3900,18.4000,1264541
2015-06-18,18.8400,18.8500,18.6300,18.6900,1045075
2015-06-17,18.9600,19.0600,18.7800,18.8300,611596
2015-06-16,19.1000,19.1700,18.8300,18.9500,1239403
2015-06-15,19.6100,19.6300,19.0200,19.1000,1998214
2015-06-12,19.4800,19.9500,19.4200,19.7800,678696
2015-06-11,19.5000,19.7100,19.3800,19.6100,626089
2015-06-10,19.3400,19.5900,19.3400,19.4700,667558
2015-06-09,19.5400,19.7646,19.2200,19.3400,1321043
2015-06-08,19.6900,19.8600,19.5050,19.5500,687670
2015-06-05,20.0100,20.3400,19.6600,19.7600,1107716
2015-06-04,19.8900,20.1200,19.8500,19.9800,814036
2015-06-03,19.8800,20.2900,19.8200,19.9900,1112683
2015-06-02,19.7600,20.1200,19.7200,19.8700,827892
2015-06-01,19.5800,19.8800,19.4500,19.8000,950083
2015-05-29,19.9000,19.9300,19.6900,19.7200,1010614
2015-05-28,19.6600,20.0100,19.6550,19.9200,672240
2015-05-27,19.8650,20.0250,19.7000,19.7400,830218
2015-05-26,20.1000,20.1600,19.7600,19.9200,778369
2015-05-22,20.2100,20.4952,20.0700,20.2100,605876
2015-05-21,20.4600,20.7300,20.2300,20.3000,1080458
2015-05-20,20.8400,20.8800,20.4100,20.4900,773355
2015-05-19,20.3200,21.3250,20.3200,20.8600,1350716
2015-05-18,20.0000,20.3900,19.8500,20.3200,1134436
2015-05-15,20.2600,20.3000,19.8100,20.2200,1113212
2015-05-14,20.4500,20.6100,20.1900,20.3700,778618
2015-05-13,19.9500,20.3600,19.8000,20.3600,1248277
2015-05-12,20.0000,20.3400,19.9100,20.1100,976417
2015-05-11,19.7000,20.4400,19.7000,20.3800,1721090
2015-05-08,20.5200,20.5909,19.7600,19.9800,2125642
2015-05-07,20.0600,20.6000,19.4700,20.5100,1842632
2015-05-06,19.2100,20.1900,18.8600,20.0800,3024256
2015-05-05,23.0100,23.0100,19.2100,19.5100,10443720
2015-05-04,25.7200,26.2800,25.4800,26.1700,1454713
2015-05-01,25.3900,25.8500,25.2500,25.7100,838724
2015-04-30,25.4000,25.5400,24.9600,25.1000,1368576
2015-04-29,25.3500,25.5700,25.1400,25.3300,634886
2015-04-28,25.3500,25.4600,25.0500,25.3600,861078
2015-04-27,25.4000,25.9500,25.2300,25.2900,399738
2015-04-24,25.1700,25.6500,25.1305,25.3800,338443
2015-04-23,25.2800,25.7200,25.1500,25.5000,365088
2015-04-22,25.3800,25.6500,25.0600,25.2900,492101
2015-04-21,25.0300,25.3100,24.7300,25.2300,587961
2015-04-20,25.3500,25.5800,24.9750,25.0200,602427
2015-04-17,25.4600,25.5900,25.0300,25.3200,491206
2015-04-16,26.1300,26.1400,25.5000,25.5700,640867
2015-04-15,25.9700,26.5800,25.8000,26.2100,797855
2015-04-14,26.0000,26.0800,25.5700,25.9800,787217
2015-04-13,25.9300,26.3100,25.7400,25.8500,462179
2015-04-10,26.0500,26.4000,25.8200,26.0600,447008
2015-04-09,25.7400,26.0700,25.6300,26.0000,375624
2015-04-08,25.8100,26.3000,25.5000,25.9400,938985
2015-04-07,25.6700,25.8700,25.1100,25.4600,741980
2015-04-06,25.6900,25.7800,24.9800,25.5100,1035887
2015-04-02,25.2500,26.0000,25.1900,25.7200,1164374
2015-04-01,24.8200,25.4100,24.7000,25.3200,1847557
2015-03-31,24.6100,25.1100,24.5000,24.7700,1279510
2015-03-30,25.1200,25.3800,24.3900,24.7600,1753345
2015-03-27,25.7000,25.9100,24.9700,25.0200,1647987
2015-03-26,26.1200,26.8500,24.8100,25.8300,4205347
2015-03-25,28.1200,28.4500,25.5700,25.9900,12823278
2015-03-24,31.0200,31.2500,30.6440,31.1400,662256
2015-03-23,29.8200,30.2000,29.5400,29.5400,403095
2015-03-20,29.6000,30.0000,29.2300,29.9400,1964805
2015-03-19,29.5000,29.9400,28.9300,29.6100,1316462
2015-03-18,29.3500,29.9500,29.0000,29.5000,729795
2015-03-17,29.7900,30.4510,29.1800,29.7700,1219191
2015-03-16,30.4100,30.4100,29.2500,29.9500,1418541
2015-03-13,29.2500,29.9900,28.7100,28.9800,1222000
2015-03-12,29.2500,29.6900,28.7300,29.3800,620514
2015-03-11,30.3500,30.3500,28.9600,29.0000,832971
2015-03-10,28.0200,29.9700,27.9100,29.5100,842808
2015-03-09,27.0600,28.9100,26.6000,28.3000,777600
2015-03-06,26.0400,27.2900,26.0400,27.1000,2151434
2015-03-05,26.6700,26.8600,25.8300,26.2900,1751382
2015-03-04,26.8500,26.8800,26.2100,26.5800,913828
2015-03-03,26.4700,27.0400,25.9000,26.9500,1142920
2015-03-02,26.0500,26.6300,24.8900,26.4700,1541766
2015-02-27,26.6700,27.0500,25.7950,26.6500,1409110
2015-02-26,28.5500,29.0000,26.5050,27.0500,4903008
2015-02-25,31.5000,31.5000,30.5810,31.2900,850872
2015-02-24,31.4000,31.9400,30.3300,31.5500,772939
2015-02-23,29.4400,31.6300,29.1600,31.4800,2367368
2015-02-20,28.3900,28.4300,27.6200,27.9300,280012
2015-02-19,28.6300,28.8660,28.3500,28.6500,296860
2015-02-18,28.7200,28.8500,27.8100,28.4900,368225
2015-02-17,28.4500,28.7900,28.3300,28.5000,327317
2015-02-13,27.8800,28.5900,27.6360,28.4900,426334
2015-02-12,28.1800,28.3500,27.7100,28.0000,206906
2015-02-11,27.6900,28.1400,27.2000,28.0900,317206
2015-02-10,28.3100,28.3100,27.6000,27.8500,478991
2015-02-09,28.4400,29.1500,28.0300,28.2600,306270
2015-02-06,27.3900,28.4000,27.2600,28.3300,403352
2015-02-05,26.1500,26.9400,26.1500,26.8000,144120
2015-02-04,26.2500,26.5899,25.5900,26.0300,277451
2015-02-03,26.3000,27.3800,26.1684,26.8400,284923
2015-02-02,26.0200,27.8100,26.0200,26.4200,347791
2015-01-30,25.6400,25.8700,25.4400,25.7100,310652
2015-01-29,25.2700,25.7700,25.0300,25.7000,405083
2015-01-28,26.5400,26.5400,25.2000,25.3600,413233
2015-01-27,26.0700,26.3800,25.3500,26.3300,332697
2015-01-26,25.9000,26.5300,24.8900,26.4100,307877
2015-01-23,26.0800,26.5500,25.1500,25.4200,623159
2015-01-22,27.0000,27.2500,25.4900,26.0000,868102
2015-01-21,25.7500,28.4900,25.7400,26.9200,1144969
2015-01-20,25.8800,25.9700,25.0100,25.7900,494759
2015-01-16,25.2700,26.1300,24.7500,25.8700,431446
2015-01-15,24.1400,25.8800,24.1050,25.2700,1062246
2015-01-14,23.6000,24.3400,23.5300,24.3100,649533
2015-01-13,25.7100,26.7400,22.9400,24.2200,2039297
2015-01-12,26.7800,27.0500,25.6100,26.0800,698295
2015-01-09,26.9100,27.0900,26.4500,26.8800,400411
2015-01-08,27.1200,27.4200,26.7500,26.9800,583306
2015-01-07,26.9600,27.3700,26.6500,27.1900,529249
2015-01-06,28.3500,28.5200,26.4600,27.0000,923614
2015-01-05,28.3200,28.4900,26.9900,27.3100,415405
2015-01-02,28.4600,28.9900,27.7000,28.6100,504183
2014-12-31,28.2900,28.6600,28.0100,28.1900,261141
2014-12-30,28.6700,29.5000,28.0000,28.3400,337917
2014-12-29,28.6600,29.1500,28.2100,28.6200,469730
2014-12-26,28.8800,29.1600,28.1300,28.4700,369091
2014-12-24,27.8500,28.9100,27.3800,28.7700,437427
2014-12-23,28.1200,28.2200,26.0600,27.1800,1726140
2014-12-22,31.8700,32.6200,27.8200,28.2200,1012661
2014-12-19,31.5000,32.1800,31.1100,32.0200,320109
2014-12-18,31.4900,31.9500,30.1800,31.4700,372333
2014-12-17,30.3900,31.6600,30.0400,31.2600,495841
2014-12-16,29.8200,31.0300,29.5800,30.1400,424436
2014-12-15,29.6700,29.9800,28.9000,29.8500,320497
2014-12-12,30.2500,30.9100,29.5100,29.7000,277715
2014-12-11,29.8400,30.8500,29.8400,30.8200,277041
2014-12-10,30.3300,30.4600,29.6300,29.8500,288540
2014-12-09,28.8000,30.5800,28.8000,30.5400,412653
2014-12-08,28.9600,30.1800,28.6500,29.1300,480543
2014-12-05,28.8700,29.3500,28.6100,29.1300,209310
2014-12-04,29.9900,30.0900,28.9300,29.0700,329460
2014-12-03,29.5000,30.3000,29.5000,30.2500,425198
2014-12-02,28.9400,31.3500,28.8300,29.6500,543113
2014-12-01,29.7000,29.8100,28.5301,29.0100,486098
2014-11-28,30.2100,30.4700,29.5800,29.9700,146105
2014-11-26,29.6800,30.4800,29.6300,30.1300,351138
2014-11-25,29.8800,30.5700,29.7900,29.8600,253605
2014-11-24,29.9000,30.4586,29.6200,30.0700,205324
2014-11-21,29.4700,30.3400,29.3700,29.9000,572756
2014-11-20,27.9000,29.4700,27.6700,29.3800,733444
2014-11-19,27.7100,28.4200,27.3300,28.0800,602266
2014-11-18,28.1100,28.4000,27.6300,27.8200,642017
2014-11-17,28.3500,29.1800,28.1800,28.3200,635767
2014-11-14,26.9000,28.9000,26.7000,28.7000,1373122
2014-11-13,27.4500,27.9300,26.2800,27.2500,1107245
2014-11-12,27.8000,28.0700,26.8000,27.5100,1112591
2014-11-11,28.3400,28.3550,27.3000,28.1500,1061656
2014-11-10,30.3800,30.4100,27.4700,28.2000,1790449
2014-11-07,28.4400,30.0000,28.1800,29.8300,1970426
2014-11-06,34.4500,34.5500,27.1100,27.8700,5423377
2014-11-05,37.0000,37.0000,35.4200,35.6700,920716
2014-11-04,35.4500,36.9000,35.4500,36.7100,784233
2014-11-03,35.4900,36.3360,35.4600,35.7100,608623
2014-10-31,34.7000,35.4000,34.4100,35.1200,451305
2014-10-30,34.3200,34.8900,33.7900,34.4000,448466
2014-10-29,34.2500,34.6000,33.5900,34.3500,681505
2014-10-28,33.5400,34.4700,33.4100,34.3500,758638
2014-10-27,33.1900,33.8200,33.0000,33.4400,528744
2014-10-24,32.5000,33.4400,31.8800,33.4000,398470
2014-10-23,33.3700,33.4940,32.3900,32.5900,762798
2014-10-22,34.5200,34.8600,33.1500,33.3100,983378
2014-10-21,35.1400,35.2400,32.4300,34.7100,3102761
2014-10-20,33.3000,34.8200,33.3000,34.7100,939948
2014-10-17,33.3900,34.2100,32.8500,33.5600,736026
2014-10-16,32.5500,33.7300,32.5500,33.3900,507631
2014-10-15,31.3900,33.1700,30.7400,33.0900,763948
2014-10-14,29.7800,32.4300,29.7100,31.6800,659260
2014-10-13,29.7500,30.8800,29.6400,29.8000,478993
2014-10-10,31.2000,31.5400,29.6800,29.7600,1014044
2014-10-09,32.2800,32.4100,31.0000,31.4000,350820
2014-10-08,32.0100,32.6800,31.0300,32.4100,407084
2014-10-07,33.3400,33.4300,32.2200,32.2700,273630
2014-10-06,33.2600,33.8400,32.5000,33.4100,315016
2014-10-03,33.8000,34.2700,33.6400,33.9200,439372
2014-10-02,33.1800,33.8900,32.5100,33.6100,379516
2014-10-01,34.0800,34.1060,33.1300,33.2900,564241
2014-09-30,34.3400,34.5280,33.3100,34.2400,309766
2014-09-29,34.0500,34.8300,34.0100,34.2200,583346
2014-09-26,33.3400,34.4400,33.3160,33.6000,397312
2014-09-25,34.0000,34.1300,32.9500,33.4700,432943
2014-09-24,33.4400,34.4400,33.2020,34.1100,524895
2014-09-23,33.9500,33.9500,33.2100,33.4800,249191
2014-09-22,34.6100,34.8600,33.8000,34.0200,261476
2014-09-19,35.0000,35.5900,34.4800,34.8200,592800
2014-09-18,34.2300,34.9900,34.1200,34.8800,535300
2014-09-17,32.2800,34.8300,32.1600,34.2400,598900
2014-09-16,32.7300,32.9100,32.1400,32.3600,148100
2014-09-15,32.1800,33.0300,31.9800,32.8500,194100
2014-09-12,31.6000,32.3200,31.6000,32.3000,263100
2014-09-11,31.4200,32.0400,31.2100,31.8200,164200
2014-09-10,31.6200,31.8800,31.1700,31.8300,138400
2014-09-09,32.2200,32.6900,31.6500,31.6900,182600
2014-09-08,32.2900,32.6900,32.1600,32.3100,280300
2014-09-05,32.0200,32.5200,31.9600,32.3500,192700
2014-09-04,33.0800,33.4400,32.1200,32.2100,525700
2014-09-03,34.6000,34.8780,33.0200,33.2800,373700
2014-09-02,34.9500,35.0200,33.9500,34.3800,235500
2014-08-29,34.1000,35.1300,33.9000,35.0000,251700
2014-08-28,34.4200,34.8900,33.2400,34.0800,393700
2014-08-27,34.3100,34.9100,34.1000,34.7100,585200
2014-08-26,33.9900,34.4900,33.7700,34.4500,395500
2014-08-25,33.6900,34.3180,33.3840,33.9700,306800
2014-08-22,33.4900,33.7000,33.1800,33.5000,307300
2014-08-21,32.0600,33.7400,31.8000,33.6300,614600
2014-08-20,32.5900,32.8900,31.6220,32.1100,197700
2014-08-19,33.0500,33.4300,32.7200,32.7700,202000
2014-08-18,32.8600,33.4800,32.7800,33.0300,266400
2014-08-15,32.8900,32.9900,31.7400,32.6100,356200
2014-08-14,32.6000,33.1100,32.1300,32.9200,243500
2014-08-13,32.0600,32.5400,31.9022,32.3700,179700
2014-08-12,32.3600,32.9800,31.8100,32.0000,618700
2014-08-11,32.9800,32.9800,32.3700,32.8900,341900
2014-08-08,32.4700,32.8600,31.8500,32.6200,329900
2014-08-07,32.8000,33.4700,32.1600,32.5100,338800
2014-08-06,31.9000,33.8000,31.1000,32.9200,754800
2014-08-05,29.7300,30.2200,29.4200,30.0600,912200
2014-08-04,30.1100,30.3100,29.3500,29.9400,497900
2014-08-01,30.3000,30.9800,29.8100,30.0500,540900
2014-07-31,31.1600,31.7500,30.1200,30.5100,1353400
2014-07-30,31.5800,32.2400,31.4000,31.6300,305400
2014-07-29,31.8100,31.9500,31.2300,31.5900,403300
2014-07-28,32.1100,32.2800,31.5400,31.9500,249400
2014-07-25,32.7700,33.0380,31.8400,32.0900,339700
2014-07-24,33.2400,33.6640,32.7800,32.8600,238000
2014-07-23,34.3700,34.7180,33.3000,33.3300,408100
2014-07-22,33.5100,34.9000,33.5100,34.4500,298000
2014-07-21,33.3600,33.7040,32.8400,33.4500,217600
2014-07-18,33.9200,34.6000,33.2700,33.5100,235000
2014-07-17,33.6300,34.0600,33.0100,33.7600,381500
2014-07-16,33.0000,33.8600,32.9000,33.7900,470000
2014-07-15,34.3000,35.3700,33.6400,34.1000,495900
2014-07-14,34.0300,35.1900,34.0300,35.0000,237900
2014-07-11,33.2400,33.8800,32.9100,33.8100,205200
2014-07-10,32.9400,33.5900,32.5100,33.3000,345400
2014-07-09,34.0200,35.0000,33.2400,33.3100,305100
2014-07-08,34.9800,34.9800,33.8000,33.8700,282000
2014-07-07,34.9600,34.9799,34.2500,34.8800,271000
2014-07-03,34.9000,35.1400,34.3650,34.9100,289700
2014-07-02,34.5000,35.5400,34.4300,34.6300,428500
2014-07-01,35.1700,35.9900,34.6400,34.7500,688700
2014-06-30,35.5900,36.3100,35.5900,36.3000,313100
2014-06-27,35.4500,35.9500,34.9200,35.7000,476000
2014-06-26,36.7200,37.2560,35.1100,35.6800,321700
2014-06-25,36.2900,37.1000,36.2900,36.8300,398200
2014-06-24,37.0500,37.0500,36.1500,36.5000,458000
2014-06-23,36.7100,37.5500,36.6300,37.0700,535700
2014-06-20,37.5700,37.6700,36.7300,36.8000,449500
2014-06-19,37.1800,37.8600,36.9300,37.5300,683800
2014-06-18,36.4100,37.4400,36.1900,36.9100,367000
2014-06-17,35.8500,36.8900,35.7340,36.5300,184700
2014-06-16,37.3900,37.7000,35.8500,36.0300,418300
2014-06-13,37.4900,37.7000,37.0000,37.5700,695800
2014-06-12,37.1700,37.7200,36.9900,37.2200,310500
2014-06-11,36.9000,37.2100,36.6400,37.0300,245700
2014-06-10,36.6600,37.2400,36.4000,36.9000,213000
2014-06-09,37.7000,37.7100,36.6700,36.7800,355600
2014-06-06,36.0700,37.9500,36.0700,37.7000,814800
2014-06-05,35.5000,36.2000,35.3500,35.9900,215900
2014-06-04,35.3200,35.4500,34.8200,35.3400,716600
2014-06-03,35.0900,35.1000,34.5000,35.0100,782400
2014-06-02,35.2300,35.3800,34.5600,34.9800,745800
2014-05-30,34.2700,35.8350,34.1150,34.9600,1625300
2014-05-29,33.5700,35.1199,32.8400,34.5700,1569500
2014-05-28,31.2600,33.4000,31.2600,33.3300,580900
2014-05-27,31.1300,31.3000,30.8600,31.1800,401600
2014-05-23,29.9300,31.1200,29.9300,31.1100,872600
2014-05-22,29.8800,30.5100,29.5200,29.9800,349000
2014-05-21,29.9200,30.7400,29.7100,29.9800,296600
2014-05-20,31.1100,31.5000,29.8000,29.9600,486400
2014-05-19,30.2900,31.2500,29.8600,31.2500,631900
2014-05-16,31.0000,31.1800,29.6200,30.3000,944800
2014-05-15,31.5400,32.1299,31.1960,31.6900,585400
2014-05-14,31.6200,32.7000,31.1841,32.0000,328000
2014-05-13,31.4100,31.8900,30.9450,31.6500,340100
2014-05-12,29.2700,31.6300,29.2700,31.5000,684100
2014-05-09,30.1700,30.4700,28.9900,29.2300,1233500
2014-05-08,26.9600,31.7900,26.7600,30.2700,1733600
2014-05-07,28.8700,29.4450,28.1100,28.9800,1250200
2014-05-06,29.7800,30.2200,28.7800,28.9300,671300
2014-05-05,31.6500,31.6500,29.8600,30.1000,890600
2014-05-02,31.6000,32.1000,31.5100,31.7600,437700
2014-05-01,32.1500,32.1500,29.7800,31.7600,818400
2014-04-30,31.4600,33.1700,31.0800,32.7300,522700
2014-04-29,31.6600,32.1200,30.9200,31.4500,325200
2014-04-28,30.8400,31.3500,30.3000,31.3100,402600
2014-04-25,31.7200,31.8400,30.7300,30.8500,382800
2014-04-24,30.5000,32.5900,30.2501,31.9600,740400
2014-04-23,31.5800,31.5800,30.1500,30.4100,978400
2014-04-22,31.9200,32.2400,31.5400,31.6100,438400
2014-04-21,32.1700,32.4099,31.5000,32.0200,559200
2014-04-17,32.3900,33.1400,32.1600,32.1800,455100
2014-04-16,33.9500,35.5200,31.8710,32.4700,1071500
2014-04-15,33.1900,35.1700,33.0600,33.7000,855800
2014-04-14,31.4500,33.4400,31.0600,33.3100,753400
2014-04-11,32.8700,33.0400,31.1800,31.3000,1505100
2014-04-10,32.7500,34.9500,32.6600,33.1900,1837700
2014-04-09,30.6400,32.7450,30.6400,32.6000,913100
2014-04-08,31.2900,32.1000,30.2400,30.6400,952400
2014-04-07,30.5200,31.4899,30.2100,31.2500,917200
2014-04-04,31.1900,31.2860,30.1301,30.4700,660700
2014-04-03,31.1500,31.5000,30.7000,30.8000,706200
2014-04-02,31.9900,32.4600,30.8500,31.0700,703500
2014-04-01,32.5700,32.9900,31.9100,32.3000,541800
2014-03-31,31.7550,32.5400,31.3400,32.4600,486400
2014-03-28,31.5400,32.3400,30.8700,31.0600,501300
2014-03-27,31.2800,31.5000,30.4800,31.2700,684700
2014-03-26,30.6200,31.3600,30.4000,31.1600,750200
2014-03-25,30.8700,31.0900,30.0600,30.5400,752100
2014-03-24,31.2100,31.5900,29.8700,30.5500,934200
2014-03-21,32.4600,32.5900,30.7600,31.1500,1149000
2014-03-20,33.0700,33.6090,31.8300,31.9200,1120800
2014-03-19,33.6300,34.2581,32.9700,33.2900,681900
2014-03-18,32.2700,34.4100,32.2280,33.7500,1060300
2014-03-17,33.0700,33.5000,32.0500,32.2300,801300
2014-03-14,32.3100,33.4700,32.1300,32.8000,2675300
2014-03-13,31.6700,31.6700,30.4100,31.2700,1478200
2014-03-12,29.9200,31.7000,29.8825,31.6200,790000
2014-03-11,31.2400,31.7000,30.1500,30.2900,951100
2014-03-10,31.5000,31.7626,30.3500,31.3500,1071900
2014-03-07,32.7300,32.9900,31.2300,31.5500,863500
2014-03-06,30.5000,33.6800,30.4001,32.6800,2159900
2014-03-05,31.0000,32.2920,29.3000,30.3000,3001100
2014-03-04,29.6800,31.7200,29.2900,31.0800,1754200
2014-03-03,28.3800,29.3400,28.1760,29.3000,1563400
2014-02-28,29.8000,30.4000,28.3200,28.8300,2021300
2014-02-27,28.8000,30.4900,26.5000,29.5400,2138900
2014-02-26,30.0000,30.6000,28.5500,28.8400,1645000
2014-02-25,29.9800,30.1300,29.4300,29.6800,1359700
2014-02-24,28.9000,30.2600,28.5200,29.8000,1243100
2014-02-21,28.1900,30.3200,27.8550,28.9200,2045800
2014-02-20,28.6900,28.7150,26.3200,28.2300,2362500
2014-02-19,28.9300,29.4600,28.4900,28.5400,839700
2014-02-18,29.7500,29.9050,28.6710,29.2100,895100
2014-02-14,29.7300,29.9500,28.1750,29.7400,1163900
2014-02-13,29.6800,30.3900,28.5300,29.6800,1684400
2014-02-12,30.0600,31.1600,28.6600,30.1100,2395100
2014-02-11,28.1800,29.1800,27.1500,28.7000,2835300
2014-02-10,28.2600,29.1100,27.9350,28.1400,1176200
2014-02-07,26.3900,29.9800,26.3900,28.4100,2242900
2014-02-06,26.7800,27.1200,24.5000,26.2600,3232500
2014-02-05,26.7500,27.4900,26.7400,26.8500,1233100
2014-02-04,27.0000,27.2500,26.6900,26.8300,810600
2014-02-03,27.7500,28.0300,26.7500,26.8700,817300
2014-01-31,28.4800,28.8500,27.9700,27.9800,1433800
2014-01-30,29.0000,29.2773,28.4000,29.0200,1591700
2014-01-29,29.0000,29.8700,28.9300,28.9500,1167300
2014-01-28,29.6900,30.2200,29.2100,29.2200,880100
2014-01-27,29.8100,30.3300,29.6610,29.7800,811800
2014-01-24,30.0100,30.2400,29.6900,29.9700,1098400
2014-01-23,30.8500,31.5700,30.7500,30.8200,571200
2014-01-22,31.2400,31.5100,30.7100,31.1600,828500
2014-01-21,31.7700,32.3400,30.9100,31.2000,1086300
2014-01-17,33.0400,33.5400,32.1200,32.1900,767800
2014-01-16,32.8100,34.6700,32.8100,33.2500,4029400
2014-01-15,33.4500,33.6700,32.8700,33.1500,695900
2014-01-14,33.1600,33.9600,32.0500,33.6300,1308700
2014-01-13,33.3000,34.1700,32.2800,32.4900,1293800
2014-01-10,34.2400,34.3800,31.0300,32.2800,4171200
2014-01-09,33.7700,34.4400,33.0900,34.2500,2013600
2014-01-08,34.5600,34.5600,33.7800,33.8500,725400
2014-01-07,34.5100,34.6900,34.2800,34.3200,982600
2014-01-06,36.0200,36.4800,34.5600,34.6600,1412800
2014-01-03,36.5200,36.6500,35.9000,36.0600,565900
2014-01-02,36.9600,37.1500,36.3600,36.4300,418600
2013-12-31,36.2100,37.1000,36.1000,36.9600,694400
2013-12-30,37.1100,37.2399,35.9100,36.1600,814600
2013-12-27,36.7300,37.6600,36.3400,36.9900,652500
2013-12-26,36.0900,37.2299,35.8401,36.4500,529000
2013-12-24,36.3800,36.4000,35.9200,36.0600,474200
2013-12-23,37.0000,37.5700,36.3200,36.4100,1641800
2013-12-20,40.0000,40.4100,36.9500,37.0300,2399700
2013-12-19,39.5400,40.8300,39.5000,39.7000,1673500
2013-12-18,41.8500,42.7300,40.5900,41.2800,2067700
2013-12-17,40.9000,40.9270,40.1060,40.8300,867000
2013-12-16,39.6700,40.8900,39.4000,40.5600,846900
2013-12-13,40.1300,40.7100,39.5100,39.5800,664500
2013-12-12,41.3300,41.4700,40.0400,40.2000,1102900
2013-12-11,42.2500,42.3100,40.9050,41.0600,926700
2013-12-10,42.1500,43.5100,41.6650,41.7200,851100
2013-12-09,42.0600,42.5000,41.9000,42.0500,708800
2013-12-06,41.2500,42.0900,40.8700,41.9700,833900
2013-12-05,39.9800,40.5500,39.3300,40.4800,1061700
2013-12-04,39.7200,39.9200,39.1700,39.4000,1000100
2013-12-03,39.4000,39.7799,38.7500,38.8900,936000
2013-12-02,39.6300,40.0200,38.9500,39.2600,801900
2013-11-29,39.7100,40.2500,39.1500,39.6300,305900
2013-11-27,40.3200,40.3899,38.6900,39.6900,723800
2013-11-26,39.9500,40.1600,39.1100,39.9400,1204300
2013-11-25,40.4600,40.6300,39.2000,39.9700,1220200
2013-11-22,39.9500,41.0400,39.9500,40.5500,1222100
2013-11-21,38.7500,40.0000,38.7500,39.9500,1216800
2013-11-20,38.4000,39.7800,38.4000,38.5900,799100
2013-11-19,37.8400,38.8800,37.7300,38.3800,766400
2013-11-18,38.7400,39.0100,37.4400,38.0200,1118700
2013-11-15,39.4900,39.6300,37.6000,38.8500,1664600
2013-11-14,38.4900,39.4300,38.0600,39.3000,982400
2013-11-13,37.6100,39.6000,36.6446,38.6700,1857400
2013-11-12,38.0700,38.9100,36.9200,37.7600,2042900
2013-11-11,36.4100,38.0100,36.0300,37.8500,3217600
2013-11-08,39.6500,40.5500,35.9100,36.4800,6341100
2013-11-07,39.4000,41.9000,39.1800,40.7500,7887900
2013-11-06,50.0000,50.4750,48.9200,49.2200,2013800
2013-11-05,49.7500,50.8700,49.6500,49.9400,982600
2013-11-04,50.6000,50.8394,49.3600,49.9700,881400
2013-11-01,51.2400,51.7000,49.2500,50.5200,1436800
2013-10-31,53.9000,54.0900,51.0000,51.3200,1384300
2013-10-30,55.1200,55.3600,53.3701,54.2100,573900
2013-10-29,54.3500,55.4600,54.3500,55.1400,719500
2013-10-28,54.2500,54.5400,53.4600,54.4500,496200
2013-10-25,54.8600,55.0600,53.7700,54.4600,806300
2013-10-24,53.2500,55.0700,52.8200,54.5300,1323600
2013-10-23,53.0900,53.3200,52.3600,53.1000,476400
2013-10-22,53.4300,53.9900,52.9900,53.2600,726600
2013-10-21,53.1800,53.5000,52.6000,53.1200,591300
2013-10-18,52.0000,53.4900,51.6800,53.0900,1167600
2013-10-17,50.0300,52.0200,49.7100,51.7200,891000
2013-10-16,50.5300,50.8200,50.1300,50.2300,619900
2013-10-15,50.2900,50.9900,49.1500,50.0900,1169100
2013-10-14,50.9000,51.6700,50.3600,51.2300,728800
2013-10-11,52.8900,52.8900,50.4300,51.2000,1891400
2013-10-10,52.6900,54.2550,52.5850,53.3500,946300
2013-10-09,52.0500,52.7800,51.0600,51.9500,960900
2013-10-08,54.0200,54.0500,51.2600,52.1300,959100
2013-10-07,53.1900,54.2700,53.0000,53.8900,590700
2013-10-04,53.8600,54.3700,53.5900,53.9600,645400
2013-10-03,55.0500,55.9199,53.2300,53.9300,920200
2013-10-02,55.7700,55.9899,54.6600,54.9900,1107200
2013-10-01,55.9600,56.7600,55.9600,56.1900,668800
2013-09-30,56.2500,56.7100,55.9300,56.2300,852700
2013-09-27,56.9200,57.0900,56.6600,56.8500,1081700
2013-09-26,57.2700,57.6100,56.3400,56.9900,1156500
2013-09-25,56.7200,57.5300,56.2100,57.2700,719600
2013-09-24,57.0000,57.1900,55.6500,56.8500,1118600
2013-09-23,57.5300,57.5300,56.4300,57.1100,565300
2013-09-20,57.4800,57.6000,56.5900,57.4500,650200
2013-09-19,57.6000,57.9500,56.7100,57.3500,870600
2013-09-18,55.9800,57.2900,55.7000,57.1400,873800
2013-09-17,54.6300,55.1600,54.3350,55.0300,517900
2013-09-16,55.0300,55.1500,54.1500,54.4500,285100
2013-09-13,53.2900,54.7600,53.2000,54.0300,851100
2013-09-12,54.7200,54.7200,52.8900,53.3300,889500
2013-09-11,56.2900,56.3250,54.4200,54.7700,1326000
2013-09-10,53.6800,54.5800,53.2003,54.5600,1089900
2013-09-09,52.2500,52.7900,51.7200,52.5700,543900
2013-09-06,52.5100,52.7650,51.7000,52.1400,599600
2013-09-05,52.3100,52.9300,52.1880,52.4400,388800
2013-09-04,50.4000,52.4100,50.1150,52.1500,601000
2013-09-03,50.1500,51.5000,50.1250,50.3900,526300
2013-08-30,49.7800,50.1800,49.1300,49.7000,250700
2013-08-29,49.0100,50.5200,48.6100,49.8900,403000
2013-08-28,48.5700,49.3900,48.1500,49.0800,307600
2013-08-27,49.1800,49.6900,48.4500,48.6800,380200
2013-08-26,49.2700,50.9000,49.0415,49.8500,690900
2013-08-23,49.0600,49.7300,48.3400,49.3000,368200
2013-08-22,48.0800,48.9500,47.8400,48.7500,396500
2013-08-21,48.8100,48.9500,47.5600,48.0700,577400
2013-08-20,47.8600,49.4280,47.7500,49.1200,487600
2013-08-19,49.6600,49.8100,47.9800,48.0300,566300
2013-08-16,48.5400,50.1800,48.5100,49.8400,955400
2013-08-15,48.1500,48.6200,47.2500,48.3600,767200
2013-08-14,49.0100,49.8800,48.4600,48.7900,516500
2013-08-13,49.6600,49.7100,48.2500,49.1200,435400
2013-08-12,49.1500,49.7800,48.5900,49.6200,716500
2013-08-09,48.8600,49.6500,48.0100,49.2900,770700
2013-08-08,50.3000,50.9000,48.5100,48.9000,1040100
2013-08-07,49.2500,50.0900,47.9600,49.9700,1065300
2013-08-06,50.4100,51.5500,46.8700,49.2500,2640600
2013-08-05,48.3300,48.9899,48.1800,48.7000,1030500
2013-08-02,48.4200,49.0100,47.6900,48.5400,781000
2013-08-01,46.2500,49.2500,45.7000,48.4500,1089800
2013-07-31,46.6600,46.7100,45.7600,46.2800,95800
2013-07-30,46.5900,46.6900,46.1100,46.4300,668100
2013-07-29,46.1200,46.4050,45.4400,46.1200,99400
2013-07-26,45.5800,46.3701,45.4700,46.1400,715900
2013-07-25,44.8400,46.5400,44.8400,46.1100,1067800
2013-07-24,44.6700,45.0400,44.3100,44.7800,732000
2013-07-23,45.8700,46.9400,44.6300,44.6700,876600
2013-07-22,46.2500,46.5200,45.8000,45.9900,915600
2013-07-19,45.4000,46.1600,44.6800,45.8800,1025600
2013-07-18,43.8300,45.5200,43.6100,45.4900,1798000
2013-07-17,42.0000,44.0800,41.7700,43.8600,1413700
2013-07-16,42.5300,42.9900,41.3600,41.7500,578500
2013-07-15,42.1900,42.4700,41.1500,41.9900,563700
2013-07-12,41.0400,42.4800,40.9500,42.1600,1516100
2013-07-11,40.1700,41.4600,40.1000,41.0100,1023200
2013-07-10,39.1800,39.4600,38.4400,39.3600,486600
2013-07-09,39.0800,39.5200,38.3600,39.1800,540200
2013-07-08,38.7700,39.1500,38.4800,38.7100,404300
2013-07-05,39.0500,39.0500,37.7700,38.7100,509000
2013-07-03,37.4200,38.8900,37.1900,38.8900,543600
2013-07-02,38.0300,38.5700,37.5300,37.7400,450400
2013-07-01,37.6200,38.7200,37.6200,38.0200,706300
2013-06-28,37.5800,38.1000,37.2500,37.4400,2026800
2013-06-27,38.2900,38.8300,37.3700,38.1600,700300
2013-06-26,37.6600,38.8000,37.6200,37.9800,1108900
2013-06-25,36.4100,37.5100,36.4100,37.4000,992400
2013-06-24,36.4400,36.7800,35.4000,36.0800,1820500
2013-06-21,40.2600,40.2600,36.9400,37.2700,2774400
2013-06-20,41.8400,41.8400,39.6650,39.9600,2152600
2013-06-19,43.4200,44.3500,41.9700,42.5400,1432800
2013-06-18,42.5200,43.2000,42.4000,43.1200,580000
2013-06-17,42.8800,43.0000,41.8500,42.2000,718200
2013-06-14,42.0300,43.1800,41.7480,42.4600,1009900
2013-06-13,40.7800,42.2700,40.7800,41.9700,547200
2013-06-12,42.0800,42.1700,40.9400,41.1000,609200
2013-06-11,41.2200,42.4300,41.0100,41.7900,703200
2013-06-10,42.1800,42.7900,41.8400,42.2100,491000
2013-06-07,41.5800,42.1500,40.9110,42.0800,896400
2013-06-06,40.6200,41.6200,40.3800,41.5500,584000
2013-06-05,41.2600,41.3200,40.1100,40.6500,880100
2013-06-04,41.6600,42.4500,40.8900,41.6300,982900
2013-06-03,40.8400,41.7810,39.8800,41.7300,959800
2013-05-31,41.7500,42.2600,40.5000,40.7100,1459700
2013-05-30,40.7600,42.7700,40.7600,42.2700,1298100
2013-05-29,40.5500,41.5700,39.2200,40.7800,1523100
2013-05-28,42.9800,43.1900,40.3100,41.3300,2004800
2013-05-24,41.9500,42.4100,41.3600,41.8900,1421800
2013-05-23,41.3800,43.5100,40.7200,42.3300,2363200
2013-05-22,45.3800,46.1900,42.2700,42.9700,1914400
2013-05-21,45.7100,46.2400,45.0300,45.3800,907500
2013-05-20,45.3000,46.0100,44.8200,45.6100,1399600
2013-05-17,44.7100,45.8490,44.7000,45.3200,1297200
2013-05-16,44.6800,44.8400,43.5000,44.4900,1722000
2013-05-15,45.3300,45.4200,44.2700,44.8000,1019200
2013-05-14,44.2800,46.9100,43.8600,44.9600,2239700
2013-05-13,44.2500,44.4900,43.0300,43.8100,1923800
2013-05-10,42.5000,43.9900,42.4500,43.7400,2161100
2013-05-09,41.0100,42.6100,41.0100,42.3500,2505100
2013-05-08,40.6899,41.0050,39.6200,40.7500,1752500
2013-05-07,40.7500,41.0000,39.0900,39.9900,3064500
2013-05-06,37.4900,38.4400,35.5300,37.7400,2571900
2013-05-03,37.5000,37.7900,36.4700,36.8500,938900
2013-05-02,36.8100,37.9900,35.5450,37.1900,1049800
2013-05-01,36.9100,37.3500,35.7900,37.0100,1146000
2013-04-30,36.2900,36.7800,35.7800,36.7700,533400
2013-04-29,34.3650,36.5000,34.3650,36.3200,809800
2013-04-26,34.3000,35.6700,33.9600,35.1700,1137900
2013-04-25,33.7800,34.8100,33.7100,34.1600,860000
2013-04-24,34.1300,34.3900,33.6800,33.7800,372300
2013-04-23,34.1800,34.3790,33.5400,34.0600,471600
2013-04-22,33.1100,34.0800,32.5300,34.0000,487900
2013-04-19,33.6800,33.6800,32.4400,32.9500,565300
2013-04-18,33.0500,33.7700,32.4400,32.7900,709900
2013-04-17,33.9900,34.8000,32.6700,32.8900,719900
2013-04-16,34.2300,34.5300,33.7410,34.1800,848900
2013-04-15,35.7000,35.9100,33.7100,33.9000,935900
2013-04-12,36.2300,36.3300,35.2900,35.9100,604500
2013-04-11,35.0000,37.0600,34.2800,36.4800,1888200
2013-04-10,34.5700,35.2900,34.3800,34.8400,602000
2013-04-09,34.5900,34.9499,34.1010,34.5400,554800
2013-04-08,33.9200,34.7800,33.6200,34.7500,600200
2013-04-05,32.9300,33.9000,32.8720,33.8200,440200
2013-04-04,32.5400,33.4800,32.3900,33.4700,537000
2013-04-03,33.9500,34.0400,32.2000,32.6300,1239300
2013-04-02,35.8200,36.0000,33.9700,34.1800,894100
2013-04-01,36.9700,37.0100,35.5000,35.8300,624100
2013-03-28,37.3300,37.7000,36.2800,36.9000,1087600
2013-03-27,35.0600,36.9100,34.0900,36.8300,1708600
2013-03-26,33.5600,35.9700,33.5300,35.4400,2139300
2013-03-25,33.1100,33.7400,32.8700,33.5300,1431700
2013-03-22,33.9900,34.2500,31.8900,32.8600,2039100
2013-03-21,35.4900,35.5700,33.4200,34.0500,1125200
2013-03-20,35.0200,35.7000,34.5200,35.1100,1085800
2013-03-19,37.4200,37.6700,33.5800,34.8000,4771300
2013-03-18,36.9500,37.8200,36.8300,37.3500,612900
2013-03-15,37.4100,37.6300,36.2000,37.1700,1309400
2013-03-14,38.9500,39.0000,37.4900,37.6000,805700
2013-03-13,38.4100,38.7900,38.0900,38.7400,647600
2013-03-12,38.8200,39.2500,38.0500,38.5100,736300
2013-03-11,39.3400,39.8000,38.9900,39.1000,372500
2013-03-08,38.9000,39.4100,38.3100,39.3900,1034100
2013-03-07,41.5800,41.5800,38.2800,38.6500,2458300
2013-03-06,41.5100,41.7600,40.4640,41.0600,717900
2013-03-05,40.2700,41.1000,40.0700,41.0300,1043800
2013-03-04,39.1600,39.9100,38.7700,39.7900,538800
2013-03-01,38.2000,39.3400,37.7200,39.1800,623500
2013-02-28,37.9900,38.8500,37.9900,38.5300,605800
2013-02-27,37.3600,39.2500,37.2650,38.3000,860700
2013-02-26,36.9100,37.3600,36.0500,37.1500,538300
2013-02-25,38.5600,38.5600,36.4000,36.6300,641800
2013-02-22,38.1900,38.5130,37.7600,38.0700,520100
2013-02-21,37.9300,38.2600,36.9400,38.0200,1005600
2013-02-20,39.9200,40.7650,38.0600,38.1500,698200
2013-02-19,40.1000,40.7300,39.4600,39.9400,697000
2013-02-15,41.9700,42.2400,39.8700,40.0500,1574000
2013-02-14,41.0200,42.1000,40.3000,42.0100,1426700
2013-02-13,39.1500,41.0000,38.8300,40.8600,1722100
2013-02-12,36.9900,38.7000,36.7900,38.5800,637100
2013-02-11,37.4100,37.5980,36.5200,36.9400,556700
2013-02-08,37.6400,38.6100,37.1600,37.4100,569100
2013-02-07,38.6800,38.8000,36.8300,37.6400,1109000
2013-02-06,37.9400,38.7900,37.1300,38.7300,726500
2013-02-05,37.3500,38.4699,37.3500,37.8500,989400
2013-02-04,36.7000,38.3000,36.3800,37.4800,1271400
2013-02-01,36.0000,37.7700,35.8800,36.7000,1544000
2013-01-31,34.8100,36.8900,34.4210,36.0900,1692400
2013-01-30,34.2100,34.8300,33.9000,34.3200,801800
2013-01-29,34.2500,35.1600,34.1800,34.3100,935600
2013-01-28,34.5400,35.0600,34.0000,34.3100,1045900
2013-01-25,34.6400,35.2500,33.7901,34.6100,1238500
2013-01-24,36.2700,36.5900,34.5100,34.8700,2058500
2013-01-23,36.1800,36.6100,35.7000,36.1100,672000
2013-01-22,35.8100,36.8500,35.4102,36.3100,995000
2013-01-18,36.9800,37.2300,35.2100,35.8100,949500
2013-01-17,37.5500,37.7000,35.8400,36.7700,1241900
2013-01-16,37.1500,37.6500,36.5400,37.4100,1092000
2013-01-15,37.4700,38.5800,37.0400,37.1900,1261600
2013-01-14,37.9700,38.0300,37.2000,37.4700,920400
2013-01-11,39.3200,39.5000,37.5000,37.7800,1606400
2013-01-10,39.6400,39.6400,37.7800,38.8300,1905200
2013-01-09,39.8200,40.6100,38.3500,39.2500,1485300
2013-01-08,38.9300,39.8300,38.2500,39.7800,2386100
2013-01-07,39.3300,39.4000,36.6000,38.8300,9330900
2013-01-04,31.3200,33.3100,29.8600,33.2300,3053700
2013-01-03,32.9600,33.7500,31.0201,31.3100,1516700
2013-01-02,31.7800,32.9500,31.2000,32.9000,917600
2012-12-31,30.4500,31.0200,30.3100,30.9800,459200
2012-12-28,30.2900,30.9000,30.2200,30.4900,329800
2012-12-27,30.2800,30.5100,29.8800,30.3900,520100
2012-12-26,31.0100,31.0100,29.8700,30.1000,798500
2012-12-24,31.5000,31.6200,30.8700,30.9400,148500
2012-12-21,31.8500,31.8800,30.5500,31.6100,1165300
2012-12-20,30.5800,32.0000,30.3700,31.9900,1538800
2012-12-19,30.3800,30.7400,30.3200,30.4800,401800
2012-12-18,29.6900,30.3700,29.6600,30.2800,1197100
2012-12-17,29.7700,30.5800,29.5800,30.0300,689700
2012-12-14,30.3100,30.3250,28.7700,29.6100,1667600
2012-12-13,30.3000,30.4000,29.8600,30.2000,853400
2012-12-12,30.7800,30.9400,29.5900,30.2300,1151300
2012-12-11,30.6800,31.1100,30.5400,30.6200,464600
2012-12-10,30.3500,31.0900,30.0100,30.5500,516600
2012-12-07,30.5200,30.6700,30.1300,30.3900,440300
2012-12-06,30.2800,31.0400,30.2200,30.4500,908100
2012-12-05,29.8800,30.4400,29.2700,30.2500,1024900
2012-12-04,29.0800,30.1900,29.0500,29.8800,570000
2012-12-03,30.5600,30.9400,29.8200,30.0900,845200
2012-11-30,29.3800,30.9800,29.3800,30.6200,3298700
2012-11-29,29.3800,30.1900,29.1188,29.3900,862000
2012-11-28,28.0000,29.4000,27.7500,29.3600,1063900
2012-11-27,27.2100,28.4100,27.1400,28.0100,799300
2012-11-26,27.5300,27.5300,26.7000,27.1100,776800
2012-11-23,27.8700,28.0100,26.8800,27.5800,240300
2012-11-21,28.1500,28.4300,27.1100,27.8600,573300
2012-11-20,28.3100,28.6200,27.6300,28.0200,604500
2012-11-19,28.0600,28.8000,27.2000,28.2800,2004500
2012-11-16,25.5800,28.2700,25.4000,27.9300,3550400
2012-11-15,24.1300,25.6200,23.5300,25.4900,2036600
2012-11-14,25.1800,25.3000,23.5900,23.7500,2275800
2012-11-13,26.0200,26.3400,25.0300,25.0800,1430800
2012-11-12,27.2800,27.4100,26.2000,26.3800,1163200
2012-11-09,26.7000,27.7500,26.6000,27.3400,1254800
2012-11-08,27.5600,28.4800,26.1600,26.7200,1956000
2012-11-07,26.6500,27.2800,25.2500,27.1700,4402700
2012-11-06,28.7500,29.5700,26.8100,27.1100,4769000
2012-11-05,32.9600,33.0000,28.8520,30.2000,4463700
2012-11-02,34.7300,35.0000,33.0100,33.1100,962700
2012-11-01,35.9700,36.6000,33.8500,34.2100,1752600
2012-10-31,34.9700,36.4500,32.9300,36.1300,1410300
2012-10-26,32.2400,34.9810,32.2200,34.2300,2356900
2012-10-25,31.6100,32.1200,31.1700,32.1200,1668300
2012-10-24,34.7600,34.8000,27.5900,31.5100,11657900
2012-10-23,34.0900,36.4640,33.5100,34.8600,3121800
2012-10-22,32.6200,34.3800,32.5800,34.3400,987500
2012-10-19,33.6600,33.6600,32.4400,32.5800,610200
2012-10-18,33.3900,33.8600,33.2400,33.7000,392800
2012-10-17,32.7500,33.9800,32.7500,33.8100,1151300
2012-10-16,32.4800,32.8000,32.0000,32.6800,914400
2012-10-15,32.1300,32.5300,31.4500,32.4500,1056700
2012-10-12,32.5400,33.0500,31.8400,32.1500,581900
2012-10-11,32.9500,33.1000,32.0600,32.4400,657100
2012-10-10,32.4000,32.9200,31.5510,32.3800,1362800
2012-10-09,34.1200,34.2199,33.0300,33.2900,1175300
2012-10-08,33.9600,34.5400,33.5700,34.0500,840200
2012-10-05,35.4000,35.8700,34.0000,34.0800,1494100
2012-10-04,33.6600,35.8200,32.9500,35.3700,2207800
2012-10-03,34.4900,37.2000,33.2300,34.2500,3788300
2012-10-02,35.0300,35.8200,34.6500,34.6600,1596600
2012-10-01,32.8400,36.1190,32.5010,34.8900,3197100
2012-09-28,32.5400,33.9500,32.4500,33.1800,812000
2012-09-27,33.6700,34.1300,31.7000,32.8800,2101800
2012-09-26,32.8000,33.8900,31.6000,33.5500,1303600
2012-09-25,32.7000,34.9000,32.5000,33.0200,2561000
2012-09-24,31.1000,32.6400,31.1000,32.1700,1040200
2012-09-21,31.4200,32.0000,30.7710,31.8000,1330100
2012-09-20,30.5000,31.8000,30.3010,31.0800,1116700
2012-09-19,29.4300,31.3200,29.2400,30.5500,3409400
2012-09-18,28.5400,29.0900,28.3500,29.0000,860200
2012-09-17,28.2100,29.2000,27.7300,28.5700,951400
2012-09-14,28.8600,29.1700,27.3500,28.2300,935200
2012-09-13,27.9400,29.5000,27.8200,28.7800,820700
2012-09-12,28.5300,28.9090,27.8500,27.9500,680200
2012-09-11,28.2600,28.6790,27.9800,28.0900,609100
2012-09-10,27.9000,29.0900,27.9000,28.1700,851100
2012-09-07,28.6000,28.6800,27.6300,27.8800,968100
2012-09-06,29.1800,29.7700,27.6400,28.5600,1203000
2012-09-05,28.8200,30.0700,28.4300,28.5700,1603600
2012-09-04,27.1900,29.1000,27.1900,28.7600,1468500
2012-08-31,27.5200,27.6290,26.7600,27.1200,617100
2012-08-30,27.8500,28.2000,27.2400,27.3600,612500
2012-08-29,27.9900,28.3700,27.6000,27.8700,1102600
2012-08-28,26.0600,27.3600,25.9500,27.3200,1391300
2012-08-27,25.9800,26.0500,24.4310,25.9000,1184300
2012-08-24,25.7800,26.7100,25.5300,25.8500,897100
2012-08-23,26.4000,26.4000,25.2900,25.8600,950400
2012-08-22,27.1300,27.3000,25.8710,26.4000,652600
2012-08-21,27.7300,27.9300,26.6400,27.1400,1185000
2012-08-20,28.2400,28.3500,27.5200,27.7000,640400
2012-08-17,28.4700,28.7500,28.0600,28.2400,666200
2012-08-16,27.4300,28.5300,27.1800,28.4200,621800
2012-08-15,27.5900,27.6300,27.1000,27.3100,440000
2012-08-14,25.2000,28.0300,25.0500,27.6000,2671600
2012-08-13,25.5800,26.2000,25.0500,25.3100,679200
2012-08-10,25.0900,25.7100,24.3000,25.6300,505300
2012-08-09,24.9000,25.4300,24.5300,25.1000,541800
2012-08-08,24.2300,25.0900,24.1000,24.9700,513400
2012-08-07,24.0000,24.6300,23.7000,24.3300,383300
2012-08-06,24.4300,24.4300,23.1800,23.8700,469400
2012-08-03,23.8600,24.3400,23.6700,24.1500,753500
2012-08-02,22.2500,23.7000,21.9500,23.6600,1014500
2012-08-01,22.0000,23.0000,21.9000,22.3200,497800
2012-07-31,22.2600,22.3000,21.5600,22.0200,465200
2012-07-30,21.9200,22.8800,21.9150,22.3000,559300
2012-07-27,21.9800,22.0800,20.9000,21.9000,1295400
2012-07-26,22.7000,22.8700,21.7300,21.9000,805400
2012-07-25,23.0500,23.1900,22.2300,22.5200,691800
2012-07-24,23.8900,23.8900,21.6200,22.9900,1523600
2012-07-23,23.6500,24.3400,23.6100,24.1600,317800
2012-07-20,23.9000,24.1900,23.6800,24.0700,313700
2012-07-19,24.5800,24.9100,23.8100,24.0000,568900
2012-07-18,24.6800,24.6800,24.4800,24.5400,361800
2012-07-17,24.5000,24.8000,23.6300,24.7100,496900
2012-07-16,24.8300,25.1100,24.3100,24.4000,567800
2012-07-13,24.0100,24.9590,24.0100,24.7800,697100
2012-07-12,24.2600,24.2600,23.6000,23.9900,550200
2012-07-11,24.1900,24.5400,24.1000,24.3500,518700
2012-07-10,24.6400,24.7800,24.1000,24.3000,487000
2012-07-09,24.2000,24.7200,23.8100,24.6000,489900
2012-07-06,24.0000,24.5500,23.9200,24.2400,795900
2012-07-05,23.3900,24.3300,23.3900,24.1200,1014800
2012-07-03,22.4500,23.9800,22.4500,23.3700,715900
2012-07-02,21.5700,22.5800,21.5000,22.4000,963600
2012-06-29,21.2500,21.6400,21.1400,21.5200,578300
2012-06-28,20.4500,21.2000,20.1600,21.0200,858300
2012-06-27,19.1100,20.5600,19.0800,20.4600,1560700
2012-06-26,19.2600,19.3100,18.9800,19.1300,438100
2012-06-25,19.3000,19.3300,19.0100,19.2500,339800
2012-06-22,19.4000,19.7500,19.0600,19.4300,2968800
2012-06-21,19.6900,19.8400,19.3100,19.3600,523100
2012-06-20,19.8400,20.0000,19.0000,19.6700,888300
2012-06-19,19.7000,20.0200,18.7300,19.6200,1555500
2012-06-18,19.2300,20.2700,18.6100,18.8500,2026600
2012-06-15,18.7000,19.2900,18.4300,19.2800,837800
2012-06-14,18.0000,19.2900,17.9585,18.7100,982500
2012-06-13,18.0800,18.3100,17.6700,18.1100,382700
2012-06-12,17.7900,18.4800,17.1800,18.1800,1580700
2012-06-11,19.7000,19.9800,18.8200,18.8800,1065500
2012-06-08,18.8000,19.6800,17.7400,19.4300,1231800
2012-06-07,19.1900,19.1900,18.5100,18.5800,430100
2012-06-06,18.8800,19.3600,18.8000,19.2000,716500
2012-06-05,19.6000,20.3600,19.1200,19.8000,866800
2012-06-04,18.9700,19.5600,18.9400,19.5300,376700
2012-06-01,18.7900,19.1400,18.7100,18.9700,488300
2012-05-31,18.5100,19.3200,17.9000,19.1700,617000
2012-05-30,19.2000,19.4120,18.2800,18.4000,724600
2012-05-29,17.8900,19.4900,17.8900,19.2800,1525900
2012-05-25,16.7000,17.9700,16.5800,17.6800,939900
2012-05-24,16.2400,16.6700,16.1500,16.5000,473800
2012-05-23,16.7000,16.7300,16.0700,16.2400,448000
2012-05-22,17.0700,17.1000,16.7700,16.8300,413900
2012-05-21,17.0900,17.5400,16.8500,16.9900,439500
2012-05-18,16.9700,17.7400,16.6400,17.0200,481600
2012-05-17,16.8500,17.1500,16.5500,16.9700,706900
2012-05-16,16.1000,16.8400,16.0700,16.7200,985400
2012-05-15,16.0800,16.4200,15.4700,16.1000,763900
2012-05-14,14.8800,16.1750,14.8800,15.6900,1264100
2012-05-11,14.3700,14.9100,14.3700,14.8400,605600
2012-05-10,14.1300,14.4200,14.0300,14.4200,413800
2012-05-09,14.2000,14.2000,13.8500,14.0200,274500
2012-05-08,13.7500,14.2700,13.7200,14.2500,279200
2012-05-07,13.4700,13.9100,13.3000,13.8600,300000
2012-05-04,13.6400,13.6800,13.0000,13.5800,739800
2012-05-03,14.1700,14.3200,13.5300,13.6700,732000
2012-05-02,14.2700,14.4650,14.1500,14.3000,288000
2012-05-01,14.3000,14.4900,14.0800,14.3300,446100
2012-04-30,14.6700,14.6800,14.1400,14.2500,233000
2012-04-27,15.0300,15.1000,14.5000,14.6300,429900
2012-04-26,14.6200,15.2000,14.5500,15.0000,276100
2012-04-25,14.8600,14.8890,14.5000,14.7200,143800
2012-04-24,14.7500,14.9500,14.7400,14.7600,315400
2012-04-23,14.2500,14.6300,14.1550,14.6000,275900
2012-04-20,14.2000,14.3200,14.1200,14.2500,132900
2012-04-19,14.1800,14.2400,14.1000,14.2200,98400
2012-04-18,14.1100,14.3300,14.0900,14.1500,117000
2012-04-17,14.3000,14.4700,14.0300,14.2700,392500
2012-04-16,14.1700,14.2500,14.1100,14.2000,99600
2012-04-13,14.1500,14.3300,14.1000,14.1700,119600
2012-04-12,14.1000,14.1500,14.0600,14.1500,108800
2012-04-11,14.1000,14.2100,14.0000,14.1400,118000
2012-04-10,14.1500,14.2500,13.9500,14.0100,238800
2012-04-09,14.1300,14.2800,14.1300,14.2500,66300
2012-04-05,14.2500,14.3100,14.1800,14.3000,232600
2012-04-04,14.2200,14.3100,13.9300,14.2900,229200
2012-04-03,14.4200,14.4500,14.2800,14.3000,56500
2012-04-02,14.3600,14.5000,14.3129,14.4100,171800
2012-03-30,14.2200,14.3600,14.0100,14.3600,274500
2012-03-29,13.6900,14.2200,13.6900,14.2200,297500
2012-03-28,13.9000,14.0700,13.5000,13.7500,254000
2012-03-27,13.9000,14.0300,13.8200,13.9300,81700
2012-03-26,13.7400,14.0000,13.7400,13.9400,189500
2012-03-23,13.6500,13.7100,13.4900,13.6100,300600
2012-03-22,13.0200,14.1400,13.0200,13.6800,605400
2012-03-21,14.1700,14.2700,13.9700,13.9800,174700
2012-03-20,14.4000,14.4900,14.1500,14.3000,366800
2012-03-19,14.7500,14.8600,14.5600,14.6400,712400
2012-03-16,14.3700,14.9400,14.1600,14.7500,870700
2012-03-15,13.8200,14.5500,13.6500,14.4500,2095300
2012-03-14,14.1600,14.1800,13.5700,13.8900,604400
2012-03-13,14.4100,14.4200,14.1400,14.1900,751300
2012-03-12,13.3800,14.6600,13.3800,14.5000,967200
2012-03-09,14.2000,14.6000,14.1100,14.6000,1394300
2012-03-08,13.5700,14.4000,13.5700,14.2000,8942100
